[WARNING STA-1171] /home/lik/.local/share/pdk/sky130A/libs.ref/sky130_fd_sc_hd/lib/tt_025C_1v80_pnr.lib line 17, default_fanout_load is 0.0.
[WARNING STA-1300] /home/lik/.local/share/pdk/sky130A/libs.ref/sky130_fd_sc_hd/lib/tt_025C_1v80_pnr.lib line 44216, table row must have 3 groups separated by ':'.
[WARNING STA-1300] /home/lik/.local/share/pdk/sky130A/libs.ref/sky130_fd_sc_hd/lib/tt_025C_1v80_pnr.lib line 44412, table row must have 3 groups separated by ':'.
[WARNING STA-1300] /home/lik/.local/share/pdk/sky130A/libs.ref/sky130_fd_sc_hd/lib/tt_025C_1v80_pnr.lib line 44608, table row must have 3 groups separated by ':'.
[WARNING STA-1300] /home/lik/.local/share/pdk/sky130A/libs.ref/sky130_fd_sc_hd/lib/tt_025C_1v80_pnr.lib line 120241, table row must have 3 groups separated by ':'.
[WARNING STA-1300] /home/lik/.local/share/pdk/sky130A/libs.ref/sky130_fd_sc_hd/lib/tt_025C_1v80_pnr.lib line 120516, table row must have 3 groups separated by ':'.
[WARNING STA-1300] /home/lik/.local/share/pdk/sky130A/libs.ref/sky130_fd_sc_hd/lib/tt_025C_1v80_pnr.lib line 120791, table row must have 3 groups separated by ':'.
[INFO ODB-0227] LEF file: /home/lik/.local/share/pdk/sky130A/libs.ref/sky130_fd_sc_hd/techlef/sky130_fd_sc_hd.tlef, created 13 layers, 25 vias
[WARNING ODB-0220] WARNING (LEFPARS-2007): NAMESCASESENSITIVE statement is obsolete in version 5.6 and later.
The LEF parser will ignore this statement.
To avoid this warning in the future, remove this statement from the LEF file with version 5.6 or later. See file /home/lik/.local/share/pdk/sky130A/libs.ref/sky130_fd_sc_hd/lef/sky130_fd_sc_hd.lef at line 18.

[WARNING ODB-0220] WARNING (LEFPARS-2036): SOURCE statement is obsolete in version 5.6 and later.
The LEF parser will ignore this statement.
To avoid this warning in the future, remove this statement from the LEF file with version 5.6 or later. See file /home/lik/.local/share/pdk/sky130A/libs.ref/sky130_fd_sc_hd/lef/sky130_fd_sc_hd.lef at line 23.

[WARNING ODB-0220] WARNING (LEFPARS-2036): SOURCE statement is obsolete in version 5.6 and later.
The LEF parser will ignore this statement.
To avoid this warning in the future, remove this statement from the LEF file with version 5.6 or later. See file /home/lik/.local/share/pdk/sky130A/libs.ref/sky130_fd_sc_hd/lef/sky130_fd_sc_hd.lef at line 135.

[WARNING ODB-0220] WARNING (LEFPARS-2036): SOURCE statement is obsolete in version 5.6 and later.
The LEF parser will ignore this statement.
To avoid this warning in the future, remove this statement from the LEF file with version 5.6 or later. See file /home/lik/.local/share/pdk/sky130A/libs.ref/sky130_fd_sc_hd/lef/sky130_fd_sc_hd.lef at line 249.

[WARNING ODB-0220] WARNING (LEFPARS-2036): SOURCE statement is obsolete in version 5.6 and later.
The LEF parser will ignore this statement.
To avoid this warning in the future, remove this statement from the LEF file with version 5.6 or later. See file /home/lik/.local/share/pdk/sky130A/libs.ref/sky130_fd_sc_hd/lef/sky130_fd_sc_hd.lef at line 399.

[WARNING ODB-0220] WARNING (LEFPARS-2036): SOURCE statement is obsolete in version 5.6 and later.
The LEF parser will ignore this statement.
To avoid this warning in the future, remove this statement from the LEF file with version 5.6 or later. See file /home/lik/.local/share/pdk/sky130A/libs.ref/sky130_fd_sc_hd/lef/sky130_fd_sc_hd.lef at line 501.

[WARNING ODB-0220] WARNING (LEFPARS-2036): SOURCE statement is obsolete in version 5.6 and later.
The LEF parser will ignore this statement.
To avoid this warning in the future, remove this statement from the LEF file with version 5.6 or later. See file /home/lik/.local/share/pdk/sky130A/libs.ref/sky130_fd_sc_hd/lef/sky130_fd_sc_hd.lef at line 620.

[WARNING ODB-0220] WARNING (LEFPARS-2036): SOURCE statement is obsolete in version 5.6 and later.
The LEF parser will ignore this statement.
To avoid this warning in the future, remove this statement from the LEF file with version 5.6 or later. See file /home/lik/.local/share/pdk/sky130A/libs.ref/sky130_fd_sc_hd/lef/sky130_fd_sc_hd.lef at line 763.

[WARNING ODB-0220] WARNING (LEFPARS-2036): SOURCE statement is obsolete in version 5.6 and later.
The LEF parser will ignore this statement.
To avoid this warning in the future, remove this statement from the LEF file with version 5.6 or later. See file /home/lik/.local/share/pdk/sky130A/libs.ref/sky130_fd_sc_hd/lef/sky130_fd_sc_hd.lef at line 856.

[WARNING ODB-0220] WARNING (LEFPARS-2036): SOURCE statement is obsolete in version 5.6 and later.
The LEF parser will ignore this statement.
To avoid this warning in the future, remove this statement from the LEF file with version 5.6 or later. See file /home/lik/.local/share/pdk/sky130A/libs.ref/sky130_fd_sc_hd/lef/sky130_fd_sc_hd.lef at line 960.

[WARNING ODB-0220] WARNING (LEFPARS-2036): SOURCE statement is obsolete in version 5.6 and later.
The LEF parser will ignore this statement.
To avoid this warning in the future, remove this statement from the LEF file with version 5.6 or later. See file /home/lik/.local/share/pdk/sky130A/libs.ref/sky130_fd_sc_hd/lef/sky130_fd_sc_hd.lef at line 1075.

[WARNING ODB-0220] WARNING (LEFPARS-2036): SOURCE statement is obsolete in version 5.6 and later.
The LEF parser will ignore this statement.
To avoid this warning in the future, remove this statement from the LEF file with version 5.6 or later. See file /home/lik/.local/share/pdk/sky130A/libs.ref/sky130_fd_sc_hd/lef/sky130_fd_sc_hd.lef at line 1163.

[WARNING ODB-0220] WARNING (LEFPARS-2036): SOURCE statement is obsolete in version 5.6 and later.
The LEF parser will ignore this statement.
To avoid this warning in the future, remove this statement from the LEF file with version 5.6 or later. See file /home/lik/.local/share/pdk/sky130A/libs.ref/sky130_fd_sc_hd/lef/sky130_fd_sc_hd.lef at line 1254.

[WARNING ODB-0220] WARNING (LEFPARS-2036): SOURCE statement is obsolete in version 5.6 and later.
The LEF parser will ignore this statement.
To avoid this warning in the future, remove this statement from the LEF file with version 5.6 or later. See file /home/lik/.local/share/pdk/sky130A/libs.ref/sky130_fd_sc_hd/lef/sky130_fd_sc_hd.lef at line 1353.

[WARNING ODB-0220] WARNING (LEFPARS-2036): SOURCE statement is obsolete in version 5.6 and later.
The LEF parser will ignore this statement.
To avoid this warning in the future, remove this statement from the LEF file with version 5.6 or later. See file /home/lik/.local/share/pdk/sky130A/libs.ref/sky130_fd_sc_hd/lef/sky130_fd_sc_hd.lef at line 1468.

[WARNING ODB-0220] WARNING (LEFPARS-2036): SOURCE statement is obsolete in version 5.6 and later.
The LEF parser will ignore this statement.
To avoid this warning in the future, remove this statement from the LEF file with version 5.6 or later. See file /home/lik/.local/share/pdk/sky130A/libs.ref/sky130_fd_sc_hd/lef/sky130_fd_sc_hd.lef at line 1556.

[WARNING ODB-0220] WARNING (LEFPARS-2036): SOURCE statement is obsolete in version 5.6 and later.
The LEF parser will ignore this statement.
To avoid this warning in the future, remove this statement from the LEF file with version 5.6 or later. See file /home/lik/.local/share/pdk/sky130A/libs.ref/sky130_fd_sc_hd/lef/sky130_fd_sc_hd.lef at line 1648.

[WARNING ODB-0220] WARNING (LEFPARS-2036): SOURCE statement is obsolete in version 5.6 and later.
The LEF parser will ignore this statement.
To avoid this warning in the future, remove this statement from the LEF file with version 5.6 or later. See file /home/lik/.local/share/pdk/sky130A/libs.ref/sky130_fd_sc_hd/lef/sky130_fd_sc_hd.lef at line 1757.

[WARNING ODB-0220] WARNING (LEFPARS-2036): SOURCE statement is obsolete in version 5.6 and later.
The LEF parser will ignore this statement.
To avoid this warning in the future, remove this statement from the LEF file with version 5.6 or later. See file /home/lik/.local/share/pdk/sky130A/libs.ref/sky130_fd_sc_hd/lef/sky130_fd_sc_hd.lef at line 1844.

[WARNING ODB-0220] WARNING (LEFPARS-2036): SOURCE statement is obsolete in version 5.6 and later.
The LEF parser will ignore this statement.
To avoid this warning in the future, remove this statement from the LEF file with version 5.6 or later. See file /home/lik/.local/share/pdk/sky130A/libs.ref/sky130_fd_sc_hd/lef/sky130_fd_sc_hd.lef at line 1937.

[WARNING ODB-0220] WARNING (LEFPARS-2036): SOURCE statement is obsolete in version 5.6 and later.
The LEF parser will ignore this statement.
To avoid this warning in the future, remove this statement from the LEF file with version 5.6 or later. See file /home/lik/.local/share/pdk/sky130A/libs.ref/sky130_fd_sc_hd/lef/sky130_fd_sc_hd.lef at line 2045.

[WARNING ODB-0220] WARNING (LEFPARS-2036): SOURCE statement is obsolete in version 5.6 and later.
The LEF parser will ignore this statement.
To avoid this warning in the future, remove this statement from the LEF file with version 5.6 or later. See file /home/lik/.local/share/pdk/sky130A/libs.ref/sky130_fd_sc_hd/lef/sky130_fd_sc_hd.lef at line 2155.

[WARNING ODB-0220] WARNING (LEFPARS-2036): SOURCE statement is obsolete in version 5.6 and later.
The LEF parser will ignore this statement.
To avoid this warning in the future, remove this statement from the LEF file with version 5.6 or later. See file /home/lik/.local/share/pdk/sky130A/libs.ref/sky130_fd_sc_hd/lef/sky130_fd_sc_hd.lef at line 2260.

[WARNING ODB-0220] WARNING (LEFPARS-2036): SOURCE statement is obsolete in version 5.6 and later.
The LEF parser will ignore this statement.
To avoid this warning in the future, remove this statement from the LEF file with version 5.6 or later. See file /home/lik/.local/share/pdk/sky130A/libs.ref/sky130_fd_sc_hd/lef/sky130_fd_sc_hd.lef at line 2385.

[WARNING ODB-0220] WARNING (LEFPARS-2036): SOURCE statement is obsolete in version 5.6 and later.
The LEF parser will ignore this statement.
To avoid this warning in the future, remove this statement from the LEF file with version 5.6 or later. See file /home/lik/.local/share/pdk/sky130A/libs.ref/sky130_fd_sc_hd/lef/sky130_fd_sc_hd.lef at line 2489.

[WARNING ODB-0220] WARNING (LEFPARS-2036): SOURCE statement is obsolete in version 5.6 and later.
The LEF parser will ignore this statement.
To avoid this warning in the future, remove this statement from the LEF file with version 5.6 or later. See file /home/lik/.local/share/pdk/sky130A/libs.ref/sky130_fd_sc_hd/lef/sky130_fd_sc_hd.lef at line 2597.

[WARNING ODB-0220] WARNING (LEFPARS-2036): SOURCE statement is obsolete in version 5.6 and later.
The LEF parser will ignore this statement.
To avoid this warning in the future, remove this statement from the LEF file with version 5.6 or later. See file /home/lik/.local/share/pdk/sky130A/libs.ref/sky130_fd_sc_hd/lef/sky130_fd_sc_hd.lef at line 2716.

[WARNING ODB-0220] WARNING (LEFPARS-2036): SOURCE statement is obsolete in version 5.6 and later.
The LEF parser will ignore this statement.
To avoid this warning in the future, remove this statement from the LEF file with version 5.6 or later. See file /home/lik/.local/share/pdk/sky130A/libs.ref/sky130_fd_sc_hd/lef/sky130_fd_sc_hd.lef at line 2817.

[WARNING ODB-0220] WARNING (LEFPARS-2036): SOURCE statement is obsolete in version 5.6 and later.
The LEF parser will ignore this statement.
To avoid this warning in the future, remove this statement from the LEF file with version 5.6 or later. See file /home/lik/.local/share/pdk/sky130A/libs.ref/sky130_fd_sc_hd/lef/sky130_fd_sc_hd.lef at line 2929.

[WARNING ODB-0220] WARNING (LEFPARS-2036): SOURCE statement is obsolete in version 5.6 and later.
The LEF parser will ignore this statement.
To avoid this warning in the future, remove this statement from the LEF file with version 5.6 or later. See file /home/lik/.local/share/pdk/sky130A/libs.ref/sky130_fd_sc_hd/lef/sky130_fd_sc_hd.lef at line 3052.

[WARNING ODB-0220] WARNING (LEFPARS-2036): SOURCE statement is obsolete in version 5.6 and later.
The LEF parser will ignore this statement.
To avoid this warning in the future, remove this statement from the LEF file with version 5.6 or later. See file /home/lik/.local/share/pdk/sky130A/libs.ref/sky130_fd_sc_hd/lef/sky130_fd_sc_hd.lef at line 3148.

[WARNING ODB-0220] WARNING (LEFPARS-2036): SOURCE statement is obsolete in version 5.6 and later.
The LEF parser will ignore this statement.
To avoid this warning in the future, remove this statement from the LEF file with version 5.6 or later. See file /home/lik/.local/share/pdk/sky130A/libs.ref/sky130_fd_sc_hd/lef/sky130_fd_sc_hd.lef at line 3253.

[WARNING ODB-0220] WARNING (LEFPARS-2036): SOURCE statement is obsolete in version 5.6 and later.
The LEF parser will ignore this statement.
To avoid this warning in the future, remove this statement from the LEF file with version 5.6 or later. See file /home/lik/.local/share/pdk/sky130A/libs.ref/sky130_fd_sc_hd/lef/sky130_fd_sc_hd.lef at line 3367.

[WARNING ODB-0220] WARNING (LEFPARS-2036): SOURCE statement is obsolete in version 5.6 and later.
The LEF parser will ignore this statement.
To avoid this warning in the future, remove this statement from the LEF file with version 5.6 or later. See file /home/lik/.local/share/pdk/sky130A/libs.ref/sky130_fd_sc_hd/lef/sky130_fd_sc_hd.lef at line 3480.

[WARNING ODB-0220] WARNING (LEFPARS-2036): SOURCE statement is obsolete in version 5.6 and later.
The LEF parser will ignore this statement.
To avoid this warning in the future, remove this statement from the LEF file with version 5.6 or later. See file /home/lik/.local/share/pdk/sky130A/libs.ref/sky130_fd_sc_hd/lef/sky130_fd_sc_hd.lef at line 3601.

[WARNING ODB-0220] WARNING (LEFPARS-2036): SOURCE statement is obsolete in version 5.6 and later.
The LEF parser will ignore this statement.
To avoid this warning in the future, remove this statement from the LEF file with version 5.6 or later. See file /home/lik/.local/share/pdk/sky130A/libs.ref/sky130_fd_sc_hd/lef/sky130_fd_sc_hd.lef at line 3736.

[WARNING ODB-0220] WARNING (LEFPARS-2036): SOURCE statement is obsolete in version 5.6 and later.
The LEF parser will ignore this statement.
To avoid this warning in the future, remove this statement from the LEF file with version 5.6 or later. See file /home/lik/.local/share/pdk/sky130A/libs.ref/sky130_fd_sc_hd/lef/sky130_fd_sc_hd.lef at line 3846.

[WARNING ODB-0220] WARNING (LEFPARS-2036): SOURCE statement is obsolete in version 5.6 and later.
The LEF parser will ignore this statement.
To avoid this warning in the future, remove this statement from the LEF file with version 5.6 or later. See file /home/lik/.local/share/pdk/sky130A/libs.ref/sky130_fd_sc_hd/lef/sky130_fd_sc_hd.lef at line 3972.

[WARNING ODB-0220] WARNING (LEFPARS-2036): SOURCE statement is obsolete in version 5.6 and later.
The LEF parser will ignore this statement.
To avoid this warning in the future, remove this statement from the LEF file with version 5.6 or later. See file /home/lik/.local/share/pdk/sky130A/libs.ref/sky130_fd_sc_hd/lef/sky130_fd_sc_hd.lef at line 4103.

[WARNING ODB-0220] WARNING (LEFPARS-2036): SOURCE statement is obsolete in version 5.6 and later.
The LEF parser will ignore this statement.
To avoid this warning in the future, remove this statement from the LEF file with version 5.6 or later. See file /home/lik/.local/share/pdk/sky130A/libs.ref/sky130_fd_sc_hd/lef/sky130_fd_sc_hd.lef at line 4216.

[WARNING ODB-0220] WARNING (LEFPARS-2036): SOURCE statement is obsolete in version 5.6 and later.
The LEF parser will ignore this statement.
To avoid this warning in the future, remove this statement from the LEF file with version 5.6 or later. See file /home/lik/.local/share/pdk/sky130A/libs.ref/sky130_fd_sc_hd/lef/sky130_fd_sc_hd.lef at line 4331.

[WARNING ODB-0220] WARNING (LEFPARS-2036): SOURCE statement is obsolete in version 5.6 and later.
The LEF parser will ignore this statement.
To avoid this warning in the future, remove this statement from the LEF file with version 5.6 or later. See file /home/lik/.local/share/pdk/sky130A/libs.ref/sky130_fd_sc_hd/lef/sky130_fd_sc_hd.lef at line 4464.

[WARNING ODB-0220] WARNING (LEFPARS-2036): SOURCE statement is obsolete in version 5.6 and later.
The LEF parser will ignore this statement.
To avoid this warning in the future, remove this statement from the LEF file with version 5.6 or later. See file /home/lik/.local/share/pdk/sky130A/libs.ref/sky130_fd_sc_hd/lef/sky130_fd_sc_hd.lef at line 4570.

[WARNING ODB-0220] WARNING (LEFPARS-2036): SOURCE statement is obsolete in version 5.6 and later.
The LEF parser will ignore this statement.
To avoid this warning in the future, remove this statement from the LEF file with version 5.6 or later. See file /home/lik/.local/share/pdk/sky130A/libs.ref/sky130_fd_sc_hd/lef/sky130_fd_sc_hd.lef at line 4688.

[WARNING ODB-0220] WARNING (LEFPARS-2036): SOURCE statement is obsolete in version 5.6 and later.
The LEF parser will ignore this statement.
To avoid this warning in the future, remove this statement from the LEF file with version 5.6 or later. See file /home/lik/.local/share/pdk/sky130A/libs.ref/sky130_fd_sc_hd/lef/sky130_fd_sc_hd.lef at line 4825.

[WARNING ODB-0220] WARNING (LEFPARS-2036): SOURCE statement is obsolete in version 5.6 and later.
The LEF parser will ignore this statement.
To avoid this warning in the future, remove this statement from the LEF file with version 5.6 or later. See file /home/lik/.local/share/pdk/sky130A/libs.ref/sky130_fd_sc_hd/lef/sky130_fd_sc_hd.lef at line 4923.

[WARNING ODB-0220] WARNING (LEFPARS-2036): SOURCE statement is obsolete in version 5.6 and later.
The LEF parser will ignore this statement.
To avoid this warning in the future, remove this statement from the LEF file with version 5.6 or later. See file /home/lik/.local/share/pdk/sky130A/libs.ref/sky130_fd_sc_hd/lef/sky130_fd_sc_hd.lef at line 5023.

[WARNING ODB-0220] WARNING (LEFPARS-2036): SOURCE statement is obsolete in version 5.6 and later.
The LEF parser will ignore this statement.
To avoid this warning in the future, remove this statement from the LEF file with version 5.6 or later. See file /home/lik/.local/share/pdk/sky130A/libs.ref/sky130_fd_sc_hd/lef/sky130_fd_sc_hd.lef at line 5147.

[WARNING ODB-0220] WARNING (LEFPARS-2036): SOURCE statement is obsolete in version 5.6 and later.
The LEF parser will ignore this statement.
To avoid this warning in the future, remove this statement from the LEF file with version 5.6 or later. See file /home/lik/.local/share/pdk/sky130A/libs.ref/sky130_fd_sc_hd/lef/sky130_fd_sc_hd.lef at line 5243.

[WARNING ODB-0220] WARNING (LEFPARS-2036): SOURCE statement is obsolete in version 5.6 and later.
The LEF parser will ignore this statement.
To avoid this warning in the future, remove this statement from the LEF file with version 5.6 or later. See file /home/lik/.local/share/pdk/sky130A/libs.ref/sky130_fd_sc_hd/lef/sky130_fd_sc_hd.lef at line 5353.

[WARNING ODB-0220] WARNING (LEFPARS-2036): SOURCE statement is obsolete in version 5.6 and later.
The LEF parser will ignore this statement.
To avoid this warning in the future, remove this statement from the LEF file with version 5.6 or later. See file /home/lik/.local/share/pdk/sky130A/libs.ref/sky130_fd_sc_hd/lef/sky130_fd_sc_hd.lef at line 5493.

[WARNING ODB-0220] WARNING (LEFPARS-2036): SOURCE statement is obsolete in version 5.6 and later.
The LEF parser will ignore this statement.
To avoid this warning in the future, remove this statement from the LEF file with version 5.6 or later. See file /home/lik/.local/share/pdk/sky130A/libs.ref/sky130_fd_sc_hd/lef/sky130_fd_sc_hd.lef at line 5610.

[WARNING ODB-0220] WARNING (LEFPARS-2036): SOURCE statement is obsolete in version 5.6 and later.
The LEF parser will ignore this statement.
To avoid this warning in the future, remove this statement from the LEF file with version 5.6 or later. See file /home/lik/.local/share/pdk/sky130A/libs.ref/sky130_fd_sc_hd/lef/sky130_fd_sc_hd.lef at line 5729.

[WARNING ODB-0220] WARNING (LEFPARS-2036): SOURCE statement is obsolete in version 5.6 and later.
The LEF parser will ignore this statement.
To avoid this warning in the future, remove this statement from the LEF file with version 5.6 or later. See file /home/lik/.local/share/pdk/sky130A/libs.ref/sky130_fd_sc_hd/lef/sky130_fd_sc_hd.lef at line 5883.

[WARNING ODB-0220] WARNING (LEFPARS-2036): SOURCE statement is obsolete in version 5.6 and later.
The LEF parser will ignore this statement.
To avoid this warning in the future, remove this statement from the LEF file with version 5.6 or later. See file /home/lik/.local/share/pdk/sky130A/libs.ref/sky130_fd_sc_hd/lef/sky130_fd_sc_hd.lef at line 5999.

[WARNING ODB-0220] WARNING (LEFPARS-2036): SOURCE statement is obsolete in version 5.6 and later.
The LEF parser will ignore this statement.
To avoid this warning in the future, remove this statement from the LEF file with version 5.6 or later. See file /home/lik/.local/share/pdk/sky130A/libs.ref/sky130_fd_sc_hd/lef/sky130_fd_sc_hd.lef at line 6126.

[WARNING ODB-0220] WARNING (LEFPARS-2036): SOURCE statement is obsolete in version 5.6 and later.
The LEF parser will ignore this statement.
To avoid this warning in the future, remove this statement from the LEF file with version 5.6 or later. See file /home/lik/.local/share/pdk/sky130A/libs.ref/sky130_fd_sc_hd/lef/sky130_fd_sc_hd.lef at line 6270.

[WARNING ODB-0220] WARNING (LEFPARS-2036): SOURCE statement is obsolete in version 5.6 and later.
The LEF parser will ignore this statement.
To avoid this warning in the future, remove this statement from the LEF file with version 5.6 or later. See file /home/lik/.local/share/pdk/sky130A/libs.ref/sky130_fd_sc_hd/lef/sky130_fd_sc_hd.lef at line 6403.

[WARNING ODB-0220] WARNING (LEFPARS-2036): SOURCE statement is obsolete in version 5.6 and later.
The LEF parser will ignore this statement.
To avoid this warning in the future, remove this statement from the LEF file with version 5.6 or later. See file /home/lik/.local/share/pdk/sky130A/libs.ref/sky130_fd_sc_hd/lef/sky130_fd_sc_hd.lef at line 6517.

[WARNING ODB-0220] WARNING (LEFPARS-2036): SOURCE statement is obsolete in version 5.6 and later.
The LEF parser will ignore this statement.
To avoid this warning in the future, remove this statement from the LEF file with version 5.6 or later. See file /home/lik/.local/share/pdk/sky130A/libs.ref/sky130_fd_sc_hd/lef/sky130_fd_sc_hd.lef at line 6629.

[WARNING ODB-0220] WARNING (LEFPARS-2036): SOURCE statement is obsolete in version 5.6 and later.
The LEF parser will ignore this statement.
To avoid this warning in the future, remove this statement from the LEF file with version 5.6 or later. See file /home/lik/.local/share/pdk/sky130A/libs.ref/sky130_fd_sc_hd/lef/sky130_fd_sc_hd.lef at line 6778.

[WARNING ODB-0220] WARNING (LEFPARS-2036): SOURCE statement is obsolete in version 5.6 and later.
The LEF parser will ignore this statement.
To avoid this warning in the future, remove this statement from the LEF file with version 5.6 or later. See file /home/lik/.local/share/pdk/sky130A/libs.ref/sky130_fd_sc_hd/lef/sky130_fd_sc_hd.lef at line 6889.

[WARNING ODB-0220] WARNING (LEFPARS-2036): SOURCE statement is obsolete in version 5.6 and later.
The LEF parser will ignore this statement.
To avoid this warning in the future, remove this statement from the LEF file with version 5.6 or later. See file /home/lik/.local/share/pdk/sky130A/libs.ref/sky130_fd_sc_hd/lef/sky130_fd_sc_hd.lef at line 7013.

[WARNING ODB-0220] WARNING (LEFPARS-2036): SOURCE statement is obsolete in version 5.6 and later.
The LEF parser will ignore this statement.
To avoid this warning in the future, remove this statement from the LEF file with version 5.6 or later. See file /home/lik/.local/share/pdk/sky130A/libs.ref/sky130_fd_sc_hd/lef/sky130_fd_sc_hd.lef at line 7145.

[WARNING ODB-0220] WARNING (LEFPARS-2036): SOURCE statement is obsolete in version 5.6 and later.
The LEF parser will ignore this statement.
To avoid this warning in the future, remove this statement from the LEF file with version 5.6 or later. See file /home/lik/.local/share/pdk/sky130A/libs.ref/sky130_fd_sc_hd/lef/sky130_fd_sc_hd.lef at line 7257.

[WARNING ODB-0220] WARNING (LEFPARS-2036): SOURCE statement is obsolete in version 5.6 and later.
The LEF parser will ignore this statement.
To avoid this warning in the future, remove this statement from the LEF file with version 5.6 or later. See file /home/lik/.local/share/pdk/sky130A/libs.ref/sky130_fd_sc_hd/lef/sky130_fd_sc_hd.lef at line 7371.

[WARNING ODB-0220] WARNING (LEFPARS-2036): SOURCE statement is obsolete in version 5.6 and later.
The LEF parser will ignore this statement.
To avoid this warning in the future, remove this statement from the LEF file with version 5.6 or later. See file /home/lik/.local/share/pdk/sky130A/libs.ref/sky130_fd_sc_hd/lef/sky130_fd_sc_hd.lef at line 7510.

[WARNING ODB-0220] WARNING (LEFPARS-2036): SOURCE statement is obsolete in version 5.6 and later.
The LEF parser will ignore this statement.
To avoid this warning in the future, remove this statement from the LEF file with version 5.6 or later. See file /home/lik/.local/share/pdk/sky130A/libs.ref/sky130_fd_sc_hd/lef/sky130_fd_sc_hd.lef at line 7617.

[WARNING ODB-0220] WARNING (LEFPARS-2036): SOURCE statement is obsolete in version 5.6 and later.
The LEF parser will ignore this statement.
To avoid this warning in the future, remove this statement from the LEF file with version 5.6 or later. See file /home/lik/.local/share/pdk/sky130A/libs.ref/sky130_fd_sc_hd/lef/sky130_fd_sc_hd.lef at line 7724.

[WARNING ODB-0220] WARNING (LEFPARS-2036): SOURCE statement is obsolete in version 5.6 and later.
The LEF parser will ignore this statement.
To avoid this warning in the future, remove this statement from the LEF file with version 5.6 or later. See file /home/lik/.local/share/pdk/sky130A/libs.ref/sky130_fd_sc_hd/lef/sky130_fd_sc_hd.lef at line 7850.

[WARNING ODB-0220] WARNING (LEFPARS-2036): SOURCE statement is obsolete in version 5.6 and later.
The LEF parser will ignore this statement.
To avoid this warning in the future, remove this statement from the LEF file with version 5.6 or later. See file /home/lik/.local/share/pdk/sky130A/libs.ref/sky130_fd_sc_hd/lef/sky130_fd_sc_hd.lef at line 7997.

[WARNING ODB-0220] WARNING (LEFPARS-2036): SOURCE statement is obsolete in version 5.6 and later.
The LEF parser will ignore this statement.
To avoid this warning in the future, remove this statement from the LEF file with version 5.6 or later. See file /home/lik/.local/share/pdk/sky130A/libs.ref/sky130_fd_sc_hd/lef/sky130_fd_sc_hd.lef at line 8074.

[WARNING ODB-0220] WARNING (LEFPARS-2036): SOURCE statement is obsolete in version 5.6 and later.
The LEF parser will ignore this statement.
To avoid this warning in the future, remove this statement from the LEF file with version 5.6 or later. See file /home/lik/.local/share/pdk/sky130A/libs.ref/sky130_fd_sc_hd/lef/sky130_fd_sc_hd.lef at line 8153.

[WARNING ODB-0220] WARNING (LEFPARS-2036): SOURCE statement is obsolete in version 5.6 and later.
The LEF parser will ignore this statement.
To avoid this warning in the future, remove this statement from the LEF file with version 5.6 or later. See file /home/lik/.local/share/pdk/sky130A/libs.ref/sky130_fd_sc_hd/lef/sky130_fd_sc_hd.lef at line 8234.

[WARNING ODB-0220] WARNING (LEFPARS-2036): SOURCE statement is obsolete in version 5.6 and later.
The LEF parser will ignore this statement.
To avoid this warning in the future, remove this statement from the LEF file with version 5.6 or later. See file /home/lik/.local/share/pdk/sky130A/libs.ref/sky130_fd_sc_hd/lef/sky130_fd_sc_hd.lef at line 8321.

[WARNING ODB-0220] WARNING (LEFPARS-2036): SOURCE statement is obsolete in version 5.6 and later.
The LEF parser will ignore this statement.
To avoid this warning in the future, remove this statement from the LEF file with version 5.6 or later. See file /home/lik/.local/share/pdk/sky130A/libs.ref/sky130_fd_sc_hd/lef/sky130_fd_sc_hd.lef at line 8406.

[WARNING ODB-0220] WARNING (LEFPARS-2036): SOURCE statement is obsolete in version 5.6 and later.
The LEF parser will ignore this statement.
To avoid this warning in the future, remove this statement from the LEF file with version 5.6 or later. See file /home/lik/.local/share/pdk/sky130A/libs.ref/sky130_fd_sc_hd/lef/sky130_fd_sc_hd.lef at line 8493.

[WARNING ODB-0220] WARNING (LEFPARS-2036): SOURCE statement is obsolete in version 5.6 and later.
The LEF parser will ignore this statement.
To avoid this warning in the future, remove this statement from the LEF file with version 5.6 or later. See file /home/lik/.local/share/pdk/sky130A/libs.ref/sky130_fd_sc_hd/lef/sky130_fd_sc_hd.lef at line 8587.

[WARNING ODB-0220] WARNING (LEFPARS-2036): SOURCE statement is obsolete in version 5.6 and later.
The LEF parser will ignore this statement.
To avoid this warning in the future, remove this statement from the LEF file with version 5.6 or later. See file /home/lik/.local/share/pdk/sky130A/libs.ref/sky130_fd_sc_hd/lef/sky130_fd_sc_hd.lef at line 8702.

[WARNING ODB-0220] WARNING (LEFPARS-2036): SOURCE statement is obsolete in version 5.6 and later.
The LEF parser will ignore this statement.
To avoid this warning in the future, remove this statement from the LEF file with version 5.6 or later. See file /home/lik/.local/share/pdk/sky130A/libs.ref/sky130_fd_sc_hd/lef/sky130_fd_sc_hd.lef at line 8795.

[WARNING ODB-0220] WARNING (LEFPARS-2036): SOURCE statement is obsolete in version 5.6 and later.
The LEF parser will ignore this statement.
To avoid this warning in the future, remove this statement from the LEF file with version 5.6 or later. See file /home/lik/.local/share/pdk/sky130A/libs.ref/sky130_fd_sc_hd/lef/sky130_fd_sc_hd.lef at line 8896.

[WARNING ODB-0220] WARNING (LEFPARS-2036): SOURCE statement is obsolete in version 5.6 and later.
The LEF parser will ignore this statement.
To avoid this warning in the future, remove this statement from the LEF file with version 5.6 or later. See file /home/lik/.local/share/pdk/sky130A/libs.ref/sky130_fd_sc_hd/lef/sky130_fd_sc_hd.lef at line 8991.

[WARNING ODB-0220] WARNING (LEFPARS-2036): SOURCE statement is obsolete in version 5.6 and later.
The LEF parser will ignore this statement.
To avoid this warning in the future, remove this statement from the LEF file with version 5.6 or later. See file /home/lik/.local/share/pdk/sky130A/libs.ref/sky130_fd_sc_hd/lef/sky130_fd_sc_hd.lef at line 9089.

[WARNING ODB-0220] WARNING (LEFPARS-2036): SOURCE statement is obsolete in version 5.6 and later.
The LEF parser will ignore this statement.
To avoid this warning in the future, remove this statement from the LEF file with version 5.6 or later. See file /home/lik/.local/share/pdk/sky130A/libs.ref/sky130_fd_sc_hd/lef/sky130_fd_sc_hd.lef at line 9190.

[WARNING ODB-0220] WARNING (LEFPARS-2036): SOURCE statement is obsolete in version 5.6 and later.
The LEF parser will ignore this statement.
To avoid this warning in the future, remove this statement from the LEF file with version 5.6 or later. See file /home/lik/.local/share/pdk/sky130A/libs.ref/sky130_fd_sc_hd/lef/sky130_fd_sc_hd.lef at line 9287.

[WARNING ODB-0220] WARNING (LEFPARS-2036): SOURCE statement is obsolete in version 5.6 and later.
The LEF parser will ignore this statement.
To avoid this warning in the future, remove this statement from the LEF file with version 5.6 or later. See file /home/lik/.local/share/pdk/sky130A/libs.ref/sky130_fd_sc_hd/lef/sky130_fd_sc_hd.lef at line 9388.

[WARNING ODB-0220] WARNING (LEFPARS-2036): SOURCE statement is obsolete in version 5.6 and later.
The LEF parser will ignore this statement.
To avoid this warning in the future, remove this statement from the LEF file with version 5.6 or later. See file /home/lik/.local/share/pdk/sky130A/libs.ref/sky130_fd_sc_hd/lef/sky130_fd_sc_hd.lef at line 9498.

[WARNING ODB-0220] WARNING (LEFPARS-2036): SOURCE statement is obsolete in version 5.6 and later.
The LEF parser will ignore this statement.
To avoid this warning in the future, remove this statement from the LEF file with version 5.6 or later. See file /home/lik/.local/share/pdk/sky130A/libs.ref/sky130_fd_sc_hd/lef/sky130_fd_sc_hd.lef at line 9604.

[WARNING ODB-0220] WARNING (LEFPARS-2036): SOURCE statement is obsolete in version 5.6 and later.
The LEF parser will ignore this statement.
To avoid this warning in the future, remove this statement from the LEF file with version 5.6 or later. See file /home/lik/.local/share/pdk/sky130A/libs.ref/sky130_fd_sc_hd/lef/sky130_fd_sc_hd.lef at line 9715.

[WARNING ODB-0220] WARNING (LEFPARS-2036): SOURCE statement is obsolete in version 5.6 and later.
The LEF parser will ignore this statement.
To avoid this warning in the future, remove this statement from the LEF file with version 5.6 or later. See file /home/lik/.local/share/pdk/sky130A/libs.ref/sky130_fd_sc_hd/lef/sky130_fd_sc_hd.lef at line 9824.

[WARNING ODB-0220] WARNING (LEFPARS-2036): SOURCE statement is obsolete in version 5.6 and later.
The LEF parser will ignore this statement.
To avoid this warning in the future, remove this statement from the LEF file with version 5.6 or later. See file /home/lik/.local/share/pdk/sky130A/libs.ref/sky130_fd_sc_hd/lef/sky130_fd_sc_hd.lef at line 9940.

[WARNING ODB-0220] WARNING (LEFPARS-2036): SOURCE statement is obsolete in version 5.6 and later.
The LEF parser will ignore this statement.
To avoid this warning in the future, remove this statement from the LEF file with version 5.6 or later. See file /home/lik/.local/share/pdk/sky130A/libs.ref/sky130_fd_sc_hd/lef/sky130_fd_sc_hd.lef at line 10053.

[WARNING ODB-0220] WARNING (LEFPARS-2036): SOURCE statement is obsolete in version 5.6 and later.
The LEF parser will ignore this statement.
To avoid this warning in the future, remove this statement from the LEF file with version 5.6 or later. See file /home/lik/.local/share/pdk/sky130A/libs.ref/sky130_fd_sc_hd/lef/sky130_fd_sc_hd.lef at line 10170.

[WARNING ODB-0220] WARNING (LEFPARS-2036): SOURCE statement is obsolete in version 5.6 and later.
The LEF parser will ignore this statement.
To avoid this warning in the future, remove this statement from the LEF file with version 5.6 or later. See file /home/lik/.local/share/pdk/sky130A/libs.ref/sky130_fd_sc_hd/lef/sky130_fd_sc_hd.lef at line 10238.

[WARNING ODB-0220] WARNING (LEFPARS-2036): SOURCE statement is obsolete in version 5.6 and later.
The LEF parser will ignore this statement.
To avoid this warning in the future, remove this statement from the LEF file with version 5.6 or later. See file /home/lik/.local/share/pdk/sky130A/libs.ref/sky130_fd_sc_hd/lef/sky130_fd_sc_hd.lef at line 10308.

[WARNING ODB-0220] WARNING (LEFPARS-2036): SOURCE statement is obsolete in version 5.6 and later.
The LEF parser will ignore this statement.
To avoid this warning in the future, remove this statement from the LEF file with version 5.6 or later. See file /home/lik/.local/share/pdk/sky130A/libs.ref/sky130_fd_sc_hd/lef/sky130_fd_sc_hd.lef at line 10384.

[WARNING ODB-0220] WARNING (LEFPARS-2036): SOURCE statement is obsolete in version 5.6 and later.
The LEF parser will ignore this statement.
To avoid this warning in the future, remove this statement from the LEF file with version 5.6 or later. See file /home/lik/.local/share/pdk/sky130A/libs.ref/sky130_fd_sc_hd/lef/sky130_fd_sc_hd.lef at line 10466.

[WARNING ODB-0220] WARNING (LEFPARS-2036): SOURCE statement is obsolete in version 5.6 and later.
The LEF parser will ignore this statement.
To avoid this warning in the future, remove this statement from the LEF file with version 5.6 or later. See file /home/lik/.local/share/pdk/sky130A/libs.ref/sky130_fd_sc_hd/lef/sky130_fd_sc_hd.lef at line 10554.

[WARNING ODB-0220] WARNING (LEFPARS-2036): SOURCE statement is obsolete in version 5.6 and later.
The LEF parser will ignore this statement.
To avoid this warning in the future, remove this statement from the LEF file with version 5.6 or later. See file /home/lik/.local/share/pdk/sky130A/libs.ref/sky130_fd_sc_hd/lef/sky130_fd_sc_hd.lef at line 10652.

[WARNING ODB-0220] WARNING (LEFPARS-2036): SOURCE statement is obsolete in version 5.6 and later.
The LEF parser will ignore this statement.
To avoid this warning in the future, remove this statement from the LEF file with version 5.6 or later. See file /home/lik/.local/share/pdk/sky130A/libs.ref/sky130_fd_sc_hd/lef/sky130_fd_sc_hd.lef at line 10767.

[WARNING ODB-0220] WARNING (LEFPARS-2036): SOURCE statement is obsolete in version 5.6 and later.
The LEF parser will ignore this statement.
To avoid this warning in the future, remove this statement from the LEF file with version 5.6 or later. See file /home/lik/.local/share/pdk/sky130A/libs.ref/sky130_fd_sc_hd/lef/sky130_fd_sc_hd.lef at line 10869.

[WARNING ODB-0220] WARNING (LEFPARS-2036): SOURCE statement is obsolete in version 5.6 and later.
The LEF parser will ignore this statement.
To avoid this warning in the future, remove this statement from the LEF file with version 5.6 or later. See file /home/lik/.local/share/pdk/sky130A/libs.ref/sky130_fd_sc_hd/lef/sky130_fd_sc_hd.lef at line 11000.

[WARNING ODB-0220] WARNING (LEFPARS-2036): SOURCE statement is obsolete in version 5.6 and later.
The LEF parser will ignore this statement.
To avoid this warning in the future, remove this statement from the LEF file with version 5.6 or later. See file /home/lik/.local/share/pdk/sky130A/libs.ref/sky130_fd_sc_hd/lef/sky130_fd_sc_hd.lef at line 11095.

[WARNING ODB-0220] WARNING (LEFPARS-2036): SOURCE statement is obsolete in version 5.6 and later.
The LEF parser will ignore this statement.
To avoid this warning in the future, remove this statement from the LEF file with version 5.6 or later. See file /home/lik/.local/share/pdk/sky130A/libs.ref/sky130_fd_sc_hd/lef/sky130_fd_sc_hd.lef at line 11219.

[WARNING ODB-0220] WARNING (LEFPARS-2036): SOURCE statement is obsolete in version 5.6 and later.
The LEF parser will ignore this statement.
To avoid this warning in the future, remove this statement from the LEF file with version 5.6 or later. See file /home/lik/.local/share/pdk/sky130A/libs.ref/sky130_fd_sc_hd/lef/sky130_fd_sc_hd.lef at line 11287.

[WARNING ODB-0220] WARNING (LEFPARS-2036): SOURCE statement is obsolete in version 5.6 and later.
The LEF parser will ignore this statement.
To avoid this warning in the future, remove this statement from the LEF file with version 5.6 or later. See file /home/lik/.local/share/pdk/sky130A/libs.ref/sky130_fd_sc_hd/lef/sky130_fd_sc_hd.lef at line 11357.

[WARNING ODB-0220] WARNING (LEFPARS-2036): SOURCE statement is obsolete in version 5.6 and later.
The LEF parser will ignore this statement.
To avoid this warning in the future, remove this statement from the LEF file with version 5.6 or later. See file /home/lik/.local/share/pdk/sky130A/libs.ref/sky130_fd_sc_hd/lef/sky130_fd_sc_hd.lef at line 11434.

[WARNING ODB-0220] WARNING (LEFPARS-2036): SOURCE statement is obsolete in version 5.6 and later.
The LEF parser will ignore this statement.
To avoid this warning in the future, remove this statement from the LEF file with version 5.6 or later. See file /home/lik/.local/share/pdk/sky130A/libs.ref/sky130_fd_sc_hd/lef/sky130_fd_sc_hd.lef at line 11516.

[WARNING ODB-0220] WARNING (LEFPARS-2036): SOURCE statement is obsolete in version 5.6 and later.
The LEF parser will ignore this statement.
To avoid this warning in the future, remove this statement from the LEF file with version 5.6 or later. See file /home/lik/.local/share/pdk/sky130A/libs.ref/sky130_fd_sc_hd/lef/sky130_fd_sc_hd.lef at line 11620.

[WARNING ODB-0220] WARNING (LEFPARS-2036): SOURCE statement is obsolete in version 5.6 and later.
The LEF parser will ignore this statement.
To avoid this warning in the future, remove this statement from the LEF file with version 5.6 or later. See file /home/lik/.local/share/pdk/sky130A/libs.ref/sky130_fd_sc_hd/lef/sky130_fd_sc_hd.lef at line 11698.

[WARNING ODB-0220] WARNING (LEFPARS-2036): SOURCE statement is obsolete in version 5.6 and later.
The LEF parser will ignore this statement.
To avoid this warning in the future, remove this statement from the LEF file with version 5.6 or later. See file /home/lik/.local/share/pdk/sky130A/libs.ref/sky130_fd_sc_hd/lef/sky130_fd_sc_hd.lef at line 11782.

[WARNING ODB-0220] WARNING (LEFPARS-2036): SOURCE statement is obsolete in version 5.6 and later.
The LEF parser will ignore this statement.
To avoid this warning in the future, remove this statement from the LEF file with version 5.6 or later. See file /home/lik/.local/share/pdk/sky130A/libs.ref/sky130_fd_sc_hd/lef/sky130_fd_sc_hd.lef at line 11860.

[WARNING ODB-0220] WARNING (LEFPARS-2036): SOURCE statement is obsolete in version 5.6 and later.
The LEF parser will ignore this statement.
To avoid this warning in the future, remove this statement from the LEF file with version 5.6 or later. See file /home/lik/.local/share/pdk/sky130A/libs.ref/sky130_fd_sc_hd/lef/sky130_fd_sc_hd.lef at line 11945.

[WARNING ODB-0220] WARNING (LEFPARS-2036): SOURCE statement is obsolete in version 5.6 and later.
The LEF parser will ignore this statement.
To avoid this warning in the future, remove this statement from the LEF file with version 5.6 or later. See file /home/lik/.local/share/pdk/sky130A/libs.ref/sky130_fd_sc_hd/lef/sky130_fd_sc_hd.lef at line 12027.

[WARNING ODB-0220] WARNING (LEFPARS-2036): SOURCE statement is obsolete in version 5.6 and later.
The LEF parser will ignore this statement.
To avoid this warning in the future, remove this statement from the LEF file with version 5.6 or later. See file /home/lik/.local/share/pdk/sky130A/libs.ref/sky130_fd_sc_hd/lef/sky130_fd_sc_hd.lef at line 12112.

[WARNING ODB-0220] WARNING (LEFPARS-2036): SOURCE statement is obsolete in version 5.6 and later.
The LEF parser will ignore this statement.
To avoid this warning in the future, remove this statement from the LEF file with version 5.6 or later. See file /home/lik/.local/share/pdk/sky130A/libs.ref/sky130_fd_sc_hd/lef/sky130_fd_sc_hd.lef at line 12192.

[WARNING ODB-0220] WARNING (LEFPARS-2036): SOURCE statement is obsolete in version 5.6 and later.
The LEF parser will ignore this statement.
To avoid this warning in the future, remove this statement from the LEF file with version 5.6 or later. See file /home/lik/.local/share/pdk/sky130A/libs.ref/sky130_fd_sc_hd/lef/sky130_fd_sc_hd.lef at line 12276.

[WARNING ODB-0220] WARNING (LEFPARS-2036): SOURCE statement is obsolete in version 5.6 and later.
The LEF parser will ignore this statement.
To avoid this warning in the future, remove this statement from the LEF file with version 5.6 or later. See file /home/lik/.local/share/pdk/sky130A/libs.ref/sky130_fd_sc_hd/lef/sky130_fd_sc_hd.lef at line 12337.

[WARNING ODB-0220] WARNING (LEFPARS-2036): SOURCE statement is obsolete in version 5.6 and later.
The LEF parser will ignore this statement.
To avoid this warning in the future, remove this statement from the LEF file with version 5.6 or later. See file /home/lik/.local/share/pdk/sky130A/libs.ref/sky130_fd_sc_hd/lef/sky130_fd_sc_hd.lef at line 12402.

[WARNING ODB-0220] WARNING (LEFPARS-2036): SOURCE statement is obsolete in version 5.6 and later.
The LEF parser will ignore this statement.
To avoid this warning in the future, remove this statement from the LEF file with version 5.6 or later. See file /home/lik/.local/share/pdk/sky130A/libs.ref/sky130_fd_sc_hd/lef/sky130_fd_sc_hd.lef at line 12473.

[WARNING ODB-0220] WARNING (LEFPARS-2036): SOURCE statement is obsolete in version 5.6 and later.
The LEF parser will ignore this statement.
To avoid this warning in the future, remove this statement from the LEF file with version 5.6 or later. See file /home/lik/.local/share/pdk/sky130A/libs.ref/sky130_fd_sc_hd/lef/sky130_fd_sc_hd.lef at line 12554.

[WARNING ODB-0220] WARNING (LEFPARS-2036): SOURCE statement is obsolete in version 5.6 and later.
The LEF parser will ignore this statement.
To avoid this warning in the future, remove this statement from the LEF file with version 5.6 or later. See file /home/lik/.local/share/pdk/sky130A/libs.ref/sky130_fd_sc_hd/lef/sky130_fd_sc_hd.lef at line 12666.

[WARNING ODB-0220] WARNING (LEFPARS-2036): SOURCE statement is obsolete in version 5.6 and later.
The LEF parser will ignore this statement.
To avoid this warning in the future, remove this statement from the LEF file with version 5.6 or later. See file /home/lik/.local/share/pdk/sky130A/libs.ref/sky130_fd_sc_hd/lef/sky130_fd_sc_hd.lef at line 12727.

[WARNING ODB-0220] WARNING (LEFPARS-2036): SOURCE statement is obsolete in version 5.6 and later.
The LEF parser will ignore this statement.
To avoid this warning in the future, remove this statement from the LEF file with version 5.6 or later. See file /home/lik/.local/share/pdk/sky130A/libs.ref/sky130_fd_sc_hd/lef/sky130_fd_sc_hd.lef at line 12792.

[WARNING ODB-0220] WARNING (LEFPARS-2036): SOURCE statement is obsolete in version 5.6 and later.
The LEF parser will ignore this statement.
To avoid this warning in the future, remove this statement from the LEF file with version 5.6 or later. See file /home/lik/.local/share/pdk/sky130A/libs.ref/sky130_fd_sc_hd/lef/sky130_fd_sc_hd.lef at line 12850.

[WARNING ODB-0220] WARNING (LEFPARS-2036): SOURCE statement is obsolete in version 5.6 and later.
The LEF parser will ignore this statement.
To avoid this warning in the future, remove this statement from the LEF file with version 5.6 or later. See file /home/lik/.local/share/pdk/sky130A/libs.ref/sky130_fd_sc_hd/lef/sky130_fd_sc_hd.lef at line 12892.

[WARNING ODB-0220] WARNING (LEFPARS-2036): SOURCE statement is obsolete in version 5.6 and later.
The LEF parser will ignore this statement.
To avoid this warning in the future, remove this statement from the LEF file with version 5.6 or later. See file /home/lik/.local/share/pdk/sky130A/libs.ref/sky130_fd_sc_hd/lef/sky130_fd_sc_hd.lef at line 12934.

[WARNING ODB-0220] WARNING (LEFPARS-2036): SOURCE statement is obsolete in version 5.6 and later.
The LEF parser will ignore this statement.
To avoid this warning in the future, remove this statement from the LEF file with version 5.6 or later. See file /home/lik/.local/share/pdk/sky130A/libs.ref/sky130_fd_sc_hd/lef/sky130_fd_sc_hd.lef at line 12976.

[WARNING ODB-0220] WARNING (LEFPARS-2036): SOURCE statement is obsolete in version 5.6 and later.
The LEF parser will ignore this statement.
To avoid this warning in the future, remove this statement from the LEF file with version 5.6 or later. See file /home/lik/.local/share/pdk/sky130A/libs.ref/sky130_fd_sc_hd/lef/sky130_fd_sc_hd.lef at line 13018.

[WARNING ODB-0220] WARNING (LEFPARS-2036): SOURCE statement is obsolete in version 5.6 and later.
The LEF parser will ignore this statement.
To avoid this warning in the future, remove this statement from the LEF file with version 5.6 or later. See file /home/lik/.local/share/pdk/sky130A/libs.ref/sky130_fd_sc_hd/lef/sky130_fd_sc_hd.lef at line 13060.

[WARNING ODB-0220] WARNING (LEFPARS-2036): SOURCE statement is obsolete in version 5.6 and later.
The LEF parser will ignore this statement.
To avoid this warning in the future, remove this statement from the LEF file with version 5.6 or later. See file /home/lik/.local/share/pdk/sky130A/libs.ref/sky130_fd_sc_hd/lef/sky130_fd_sc_hd.lef at line 13280.

[WARNING ODB-0220] WARNING (LEFPARS-2036): SOURCE statement is obsolete in version 5.6 and later.
The LEF parser will ignore this statement.
To avoid this warning in the future, remove this statement from the LEF file with version 5.6 or later. See file /home/lik/.local/share/pdk/sky130A/libs.ref/sky130_fd_sc_hd/lef/sky130_fd_sc_hd.lef at line 13501.

[WARNING ODB-0220] WARNING (LEFPARS-2036): SOURCE statement is obsolete in version 5.6 and later.
The LEF parser will ignore this statement.
To avoid this warning in the future, remove this statement from the LEF file with version 5.6 or later. See file /home/lik/.local/share/pdk/sky130A/libs.ref/sky130_fd_sc_hd/lef/sky130_fd_sc_hd.lef at line 13718.

[WARNING ODB-0220] WARNING (LEFPARS-2036): SOURCE statement is obsolete in version 5.6 and later.
The LEF parser will ignore this statement.
To avoid this warning in the future, remove this statement from the LEF file with version 5.6 or later. See file /home/lik/.local/share/pdk/sky130A/libs.ref/sky130_fd_sc_hd/lef/sky130_fd_sc_hd.lef at line 13912.

[WARNING ODB-0220] WARNING (LEFPARS-2036): SOURCE statement is obsolete in version 5.6 and later.
The LEF parser will ignore this statement.
To avoid this warning in the future, remove this statement from the LEF file with version 5.6 or later. See file /home/lik/.local/share/pdk/sky130A/libs.ref/sky130_fd_sc_hd/lef/sky130_fd_sc_hd.lef at line 14114.

[WARNING ODB-0220] WARNING (LEFPARS-2036): SOURCE statement is obsolete in version 5.6 and later.
The LEF parser will ignore this statement.
To avoid this warning in the future, remove this statement from the LEF file with version 5.6 or later. See file /home/lik/.local/share/pdk/sky130A/libs.ref/sky130_fd_sc_hd/lef/sky130_fd_sc_hd.lef at line 14294.

[WARNING ODB-0220] WARNING (LEFPARS-2036): SOURCE statement is obsolete in version 5.6 and later.
The LEF parser will ignore this statement.
To avoid this warning in the future, remove this statement from the LEF file with version 5.6 or later. See file /home/lik/.local/share/pdk/sky130A/libs.ref/sky130_fd_sc_hd/lef/sky130_fd_sc_hd.lef at line 14474.

[WARNING ODB-0220] WARNING (LEFPARS-2036): SOURCE statement is obsolete in version 5.6 and later.
The LEF parser will ignore this statement.
To avoid this warning in the future, remove this statement from the LEF file with version 5.6 or later. See file /home/lik/.local/share/pdk/sky130A/libs.ref/sky130_fd_sc_hd/lef/sky130_fd_sc_hd.lef at line 14656.

[WARNING ODB-0220] WARNING (LEFPARS-2036): SOURCE statement is obsolete in version 5.6 and later.
The LEF parser will ignore this statement.
To avoid this warning in the future, remove this statement from the LEF file with version 5.6 or later. See file /home/lik/.local/share/pdk/sky130A/libs.ref/sky130_fd_sc_hd/lef/sky130_fd_sc_hd.lef at line 14844.

[WARNING ODB-0220] WARNING (LEFPARS-2036): SOURCE statement is obsolete in version 5.6 and later.
The LEF parser will ignore this statement.
To avoid this warning in the future, remove this statement from the LEF file with version 5.6 or later. See file /home/lik/.local/share/pdk/sky130A/libs.ref/sky130_fd_sc_hd/lef/sky130_fd_sc_hd.lef at line 15031.

[WARNING ODB-0220] WARNING (LEFPARS-2036): SOURCE statement is obsolete in version 5.6 and later.
The LEF parser will ignore this statement.
To avoid this warning in the future, remove this statement from the LEF file with version 5.6 or later. See file /home/lik/.local/share/pdk/sky130A/libs.ref/sky130_fd_sc_hd/lef/sky130_fd_sc_hd.lef at line 15225.

[WARNING ODB-0220] WARNING (LEFPARS-2036): SOURCE statement is obsolete in version 5.6 and later.
The LEF parser will ignore this statement.
To avoid this warning in the future, remove this statement from the LEF file with version 5.6 or later. See file /home/lik/.local/share/pdk/sky130A/libs.ref/sky130_fd_sc_hd/lef/sky130_fd_sc_hd.lef at line 15402.

[WARNING ODB-0220] WARNING (LEFPARS-2036): SOURCE statement is obsolete in version 5.6 and later.
The LEF parser will ignore this statement.
To avoid this warning in the future, remove this statement from the LEF file with version 5.6 or later. See file /home/lik/.local/share/pdk/sky130A/libs.ref/sky130_fd_sc_hd/lef/sky130_fd_sc_hd.lef at line 15588.

[WARNING ODB-0220] WARNING (LEFPARS-2036): SOURCE statement is obsolete in version 5.6 and later.
The LEF parser will ignore this statement.
To avoid this warning in the future, remove this statement from the LEF file with version 5.6 or later. See file /home/lik/.local/share/pdk/sky130A/libs.ref/sky130_fd_sc_hd/lef/sky130_fd_sc_hd.lef at line 15775.

[WARNING ODB-0220] WARNING (LEFPARS-2036): SOURCE statement is obsolete in version 5.6 and later.
The LEF parser will ignore this statement.
To avoid this warning in the future, remove this statement from the LEF file with version 5.6 or later. See file /home/lik/.local/share/pdk/sky130A/libs.ref/sky130_fd_sc_hd/lef/sky130_fd_sc_hd.lef at line 15940.

[WARNING ODB-0220] WARNING (LEFPARS-2036): SOURCE statement is obsolete in version 5.6 and later.
The LEF parser will ignore this statement.
To avoid this warning in the future, remove this statement from the LEF file with version 5.6 or later. See file /home/lik/.local/share/pdk/sky130A/libs.ref/sky130_fd_sc_hd/lef/sky130_fd_sc_hd.lef at line 16109.

[WARNING ODB-0220] WARNING (LEFPARS-2036): SOURCE statement is obsolete in version 5.6 and later.
The LEF parser will ignore this statement.
To avoid this warning in the future, remove this statement from the LEF file with version 5.6 or later. See file /home/lik/.local/share/pdk/sky130A/libs.ref/sky130_fd_sc_hd/lef/sky130_fd_sc_hd.lef at line 16256.

[WARNING ODB-0220] WARNING (LEFPARS-2036): SOURCE statement is obsolete in version 5.6 and later.
The LEF parser will ignore this statement.
To avoid this warning in the future, remove this statement from the LEF file with version 5.6 or later. See file /home/lik/.local/share/pdk/sky130A/libs.ref/sky130_fd_sc_hd/lef/sky130_fd_sc_hd.lef at line 16405.

[WARNING ODB-0220] WARNING (LEFPARS-2036): SOURCE statement is obsolete in version 5.6 and later.
The LEF parser will ignore this statement.
To avoid this warning in the future, remove this statement from the LEF file with version 5.6 or later. See file /home/lik/.local/share/pdk/sky130A/libs.ref/sky130_fd_sc_hd/lef/sky130_fd_sc_hd.lef at line 16555.

[WARNING ODB-0220] WARNING (LEFPARS-2036): SOURCE statement is obsolete in version 5.6 and later.
The LEF parser will ignore this statement.
To avoid this warning in the future, remove this statement from the LEF file with version 5.6 or later. See file /home/lik/.local/share/pdk/sky130A/libs.ref/sky130_fd_sc_hd/lef/sky130_fd_sc_hd.lef at line 16602.

[WARNING ODB-0220] WARNING (LEFPARS-2036): SOURCE statement is obsolete in version 5.6 and later.
The LEF parser will ignore this statement.
To avoid this warning in the future, remove this statement from the LEF file with version 5.6 or later. See file /home/lik/.local/share/pdk/sky130A/libs.ref/sky130_fd_sc_hd/lef/sky130_fd_sc_hd.lef at line 16724.

[WARNING ODB-0220] WARNING (LEFPARS-2036): SOURCE statement is obsolete in version 5.6 and later.
The LEF parser will ignore this statement.
To avoid this warning in the future, remove this statement from the LEF file with version 5.6 or later. See file /home/lik/.local/share/pdk/sky130A/libs.ref/sky130_fd_sc_hd/lef/sky130_fd_sc_hd.lef at line 16847.

[WARNING ODB-0220] WARNING (LEFPARS-2036): SOURCE statement is obsolete in version 5.6 and later.
The LEF parser will ignore this statement.
To avoid this warning in the future, remove this statement from the LEF file with version 5.6 or later. See file /home/lik/.local/share/pdk/sky130A/libs.ref/sky130_fd_sc_hd/lef/sky130_fd_sc_hd.lef at line 16998.

[WARNING ODB-0220] WARNING (LEFPARS-2036): SOURCE statement is obsolete in version 5.6 and later.
The LEF parser will ignore this statement.
To avoid this warning in the future, remove this statement from the LEF file with version 5.6 or later. See file /home/lik/.local/share/pdk/sky130A/libs.ref/sky130_fd_sc_hd/lef/sky130_fd_sc_hd.lef at line 17147.

[WARNING ODB-0220] WARNING (LEFPARS-2036): SOURCE statement is obsolete in version 5.6 and later.
The LEF parser will ignore this statement.
To avoid this warning in the future, remove this statement from the LEF file with version 5.6 or later. See file /home/lik/.local/share/pdk/sky130A/libs.ref/sky130_fd_sc_hd/lef/sky130_fd_sc_hd.lef at line 17310.

[WARNING ODB-0220] WARNING (LEFPARS-2036): SOURCE statement is obsolete in version 5.6 and later.
The LEF parser will ignore this statement.
To avoid this warning in the future, remove this statement from the LEF file with version 5.6 or later. See file /home/lik/.local/share/pdk/sky130A/libs.ref/sky130_fd_sc_hd/lef/sky130_fd_sc_hd.lef at line 17465.

[WARNING ODB-0220] WARNING (LEFPARS-2036): SOURCE statement is obsolete in version 5.6 and later.
The LEF parser will ignore this statement.
To avoid this warning in the future, remove this statement from the LEF file with version 5.6 or later. See file /home/lik/.local/share/pdk/sky130A/libs.ref/sky130_fd_sc_hd/lef/sky130_fd_sc_hd.lef at line 17634.

[WARNING ODB-0220] WARNING (LEFPARS-2036): SOURCE statement is obsolete in version 5.6 and later.
The LEF parser will ignore this statement.
To avoid this warning in the future, remove this statement from the LEF file with version 5.6 or later. See file /home/lik/.local/share/pdk/sky130A/libs.ref/sky130_fd_sc_hd/lef/sky130_fd_sc_hd.lef at line 17765.

[WARNING ODB-0220] WARNING (LEFPARS-2036): SOURCE statement is obsolete in version 5.6 and later.
The LEF parser will ignore this statement.
To avoid this warning in the future, remove this statement from the LEF file with version 5.6 or later. See file /home/lik/.local/share/pdk/sky130A/libs.ref/sky130_fd_sc_hd/lef/sky130_fd_sc_hd.lef at line 17911.

[WARNING ODB-0220] WARNING (LEFPARS-2036): SOURCE statement is obsolete in version 5.6 and later.
The LEF parser will ignore this statement.
To avoid this warning in the future, remove this statement from the LEF file with version 5.6 or later. See file /home/lik/.local/share/pdk/sky130A/libs.ref/sky130_fd_sc_hd/lef/sky130_fd_sc_hd.lef at line 18053.

[WARNING ODB-0220] WARNING (LEFPARS-2036): SOURCE statement is obsolete in version 5.6 and later.
The LEF parser will ignore this statement.
To avoid this warning in the future, remove this statement from the LEF file with version 5.6 or later. See file /home/lik/.local/share/pdk/sky130A/libs.ref/sky130_fd_sc_hd/lef/sky130_fd_sc_hd.lef at line 18191.

[WARNING ODB-0220] WARNING (LEFPARS-2036): SOURCE statement is obsolete in version 5.6 and later.
The LEF parser will ignore this statement.
To avoid this warning in the future, remove this statement from the LEF file with version 5.6 or later. See file /home/lik/.local/share/pdk/sky130A/libs.ref/sky130_fd_sc_hd/lef/sky130_fd_sc_hd.lef at line 18345.

[WARNING ODB-0220] WARNING (LEFPARS-2036): SOURCE statement is obsolete in version 5.6 and later.
The LEF parser will ignore this statement.
To avoid this warning in the future, remove this statement from the LEF file with version 5.6 or later. See file /home/lik/.local/share/pdk/sky130A/libs.ref/sky130_fd_sc_hd/lef/sky130_fd_sc_hd.lef at line 18487.

[WARNING ODB-0220] WARNING (LEFPARS-2036): SOURCE statement is obsolete in version 5.6 and later.
The LEF parser will ignore this statement.
To avoid this warning in the future, remove this statement from the LEF file with version 5.6 or later. See file /home/lik/.local/share/pdk/sky130A/libs.ref/sky130_fd_sc_hd/lef/sky130_fd_sc_hd.lef at line 18636.

[WARNING ODB-0220] WARNING (LEFPARS-2036): SOURCE statement is obsolete in version 5.6 and later.
The LEF parser will ignore this statement.
To avoid this warning in the future, remove this statement from the LEF file with version 5.6 or later. See file /home/lik/.local/share/pdk/sky130A/libs.ref/sky130_fd_sc_hd/lef/sky130_fd_sc_hd.lef at line 18786.

[WARNING ODB-0220] WARNING (LEFPARS-2036): SOURCE statement is obsolete in version 5.6 and later.
The LEF parser will ignore this statement.
To avoid this warning in the future, remove this statement from the LEF file with version 5.6 or later. See file /home/lik/.local/share/pdk/sky130A/libs.ref/sky130_fd_sc_hd/lef/sky130_fd_sc_hd.lef at line 18933.

[WARNING ODB-0220] WARNING (LEFPARS-2036): SOURCE statement is obsolete in version 5.6 and later.
The LEF parser will ignore this statement.
To avoid this warning in the future, remove this statement from the LEF file with version 5.6 or later. See file /home/lik/.local/share/pdk/sky130A/libs.ref/sky130_fd_sc_hd/lef/sky130_fd_sc_hd.lef at line 19064.

[WARNING ODB-0220] WARNING (LEFPARS-2036): SOURCE statement is obsolete in version 5.6 and later.
The LEF parser will ignore this statement.
To avoid this warning in the future, remove this statement from the LEF file with version 5.6 or later. See file /home/lik/.local/share/pdk/sky130A/libs.ref/sky130_fd_sc_hd/lef/sky130_fd_sc_hd.lef at line 19194.

[WARNING ODB-0220] WARNING (LEFPARS-2036): SOURCE statement is obsolete in version 5.6 and later.
The LEF parser will ignore this statement.
To avoid this warning in the future, remove this statement from the LEF file with version 5.6 or later. See file /home/lik/.local/share/pdk/sky130A/libs.ref/sky130_fd_sc_hd/lef/sky130_fd_sc_hd.lef at line 19326.

[WARNING ODB-0220] WARNING (LEFPARS-2036): SOURCE statement is obsolete in version 5.6 and later.
The LEF parser will ignore this statement.
To avoid this warning in the future, remove this statement from the LEF file with version 5.6 or later. See file /home/lik/.local/share/pdk/sky130A/libs.ref/sky130_fd_sc_hd/lef/sky130_fd_sc_hd.lef at line 19450.

[WARNING ODB-0220] WARNING (LEFPARS-2036): SOURCE statement is obsolete in version 5.6 and later.
The LEF parser will ignore this statement.
To avoid this warning in the future, remove this statement from the LEF file with version 5.6 or later. See file /home/lik/.local/share/pdk/sky130A/libs.ref/sky130_fd_sc_hd/lef/sky130_fd_sc_hd.lef at line 19532.

[WARNING ODB-0220] WARNING (LEFPARS-2036): SOURCE statement is obsolete in version 5.6 and later.
The LEF parser will ignore this statement.
To avoid this warning in the future, remove this statement from the LEF file with version 5.6 or later. See file /home/lik/.local/share/pdk/sky130A/libs.ref/sky130_fd_sc_hd/lef/sky130_fd_sc_hd.lef at line 19614.

[WARNING ODB-0220] WARNING (LEFPARS-2036): SOURCE statement is obsolete in version 5.6 and later.
The LEF parser will ignore this statement.
To avoid this warning in the future, remove this statement from the LEF file with version 5.6 or later. See file /home/lik/.local/share/pdk/sky130A/libs.ref/sky130_fd_sc_hd/lef/sky130_fd_sc_hd.lef at line 19692.

[WARNING ODB-0220] WARNING (LEFPARS-2036): SOURCE statement is obsolete in version 5.6 and later.
The LEF parser will ignore this statement.
To avoid this warning in the future, remove this statement from the LEF file with version 5.6 or later. See file /home/lik/.local/share/pdk/sky130A/libs.ref/sky130_fd_sc_hd/lef/sky130_fd_sc_hd.lef at line 19788.

[WARNING ODB-0220] WARNING (LEFPARS-2036): SOURCE statement is obsolete in version 5.6 and later.
The LEF parser will ignore this statement.
To avoid this warning in the future, remove this statement from the LEF file with version 5.6 or later. See file /home/lik/.local/share/pdk/sky130A/libs.ref/sky130_fd_sc_hd/lef/sky130_fd_sc_hd.lef at line 19884.

[WARNING ODB-0220] WARNING (LEFPARS-2036): SOURCE statement is obsolete in version 5.6 and later.
The LEF parser will ignore this statement.
To avoid this warning in the future, remove this statement from the LEF file with version 5.6 or later. See file /home/lik/.local/share/pdk/sky130A/libs.ref/sky130_fd_sc_hd/lef/sky130_fd_sc_hd.lef at line 19980.

[WARNING ODB-0220] WARNING (LEFPARS-2036): SOURCE statement is obsolete in version 5.6 and later.
The LEF parser will ignore this statement.
To avoid this warning in the future, remove this statement from the LEF file with version 5.6 or later. See file /home/lik/.local/share/pdk/sky130A/libs.ref/sky130_fd_sc_hd/lef/sky130_fd_sc_hd.lef at line 20069.

[WARNING ODB-0220] WARNING (LEFPARS-2036): SOURCE statement is obsolete in version 5.6 and later.
The LEF parser will ignore this statement.
To avoid this warning in the future, remove this statement from the LEF file with version 5.6 or later. See file /home/lik/.local/share/pdk/sky130A/libs.ref/sky130_fd_sc_hd/lef/sky130_fd_sc_hd.lef at line 20171.

[WARNING ODB-0220] WARNING (LEFPARS-2036): SOURCE statement is obsolete in version 5.6 and later.
The LEF parser will ignore this statement.
To avoid this warning in the future, remove this statement from the LEF file with version 5.6 or later. See file /home/lik/.local/share/pdk/sky130A/libs.ref/sky130_fd_sc_hd/lef/sky130_fd_sc_hd.lef at line 20274.

[WARNING ODB-0220] WARNING (LEFPARS-2036): SOURCE statement is obsolete in version 5.6 and later.
The LEF parser will ignore this statement.
To avoid this warning in the future, remove this statement from the LEF file with version 5.6 or later. See file /home/lik/.local/share/pdk/sky130A/libs.ref/sky130_fd_sc_hd/lef/sky130_fd_sc_hd.lef at line 20387.

[WARNING ODB-0220] WARNING (LEFPARS-2036): SOURCE statement is obsolete in version 5.6 and later.
The LEF parser will ignore this statement.
To avoid this warning in the future, remove this statement from the LEF file with version 5.6 or later. See file /home/lik/.local/share/pdk/sky130A/libs.ref/sky130_fd_sc_hd/lef/sky130_fd_sc_hd.lef at line 20577.

[WARNING ODB-0220] WARNING (LEFPARS-2036): SOURCE statement is obsolete in version 5.6 and later.
The LEF parser will ignore this statement.
To avoid this warning in the future, remove this statement from the LEF file with version 5.6 or later. See file /home/lik/.local/share/pdk/sky130A/libs.ref/sky130_fd_sc_hd/lef/sky130_fd_sc_hd.lef at line 20751.

[WARNING ODB-0220] WARNING (LEFPARS-2036): SOURCE statement is obsolete in version 5.6 and later.
The LEF parser will ignore this statement.
To avoid this warning in the future, remove this statement from the LEF file with version 5.6 or later. See file /home/lik/.local/share/pdk/sky130A/libs.ref/sky130_fd_sc_hd/lef/sky130_fd_sc_hd.lef at line 20826.

[WARNING ODB-0220] WARNING (LEFPARS-2036): SOURCE statement is obsolete in version 5.6 and later.
The LEF parser will ignore this statement.
To avoid this warning in the future, remove this statement from the LEF file with version 5.6 or later. See file /home/lik/.local/share/pdk/sky130A/libs.ref/sky130_fd_sc_hd/lef/sky130_fd_sc_hd.lef at line 20902.

[WARNING ODB-0220] WARNING (LEFPARS-2036): SOURCE statement is obsolete in version 5.6 and later.
The LEF parser will ignore this statement.
To avoid this warning in the future, remove this statement from the LEF file with version 5.6 or later. See file /home/lik/.local/share/pdk/sky130A/libs.ref/sky130_fd_sc_hd/lef/sky130_fd_sc_hd.lef at line 20991.

[WARNING ODB-0220] WARNING (LEFPARS-2036): SOURCE statement is obsolete in version 5.6 and later.
The LEF parser will ignore this statement.
To avoid this warning in the future, remove this statement from the LEF file with version 5.6 or later. See file /home/lik/.local/share/pdk/sky130A/libs.ref/sky130_fd_sc_hd/lef/sky130_fd_sc_hd.lef at line 21084.

[WARNING ODB-0220] WARNING (LEFPARS-2036): SOURCE statement is obsolete in version 5.6 and later.
The LEF parser will ignore this statement.
To avoid this warning in the future, remove this statement from the LEF file with version 5.6 or later. See file /home/lik/.local/share/pdk/sky130A/libs.ref/sky130_fd_sc_hd/lef/sky130_fd_sc_hd.lef at line 21191.

[WARNING ODB-0220] WARNING (LEFPARS-2036): SOURCE statement is obsolete in version 5.6 and later.
The LEF parser will ignore this statement.
To avoid this warning in the future, remove this statement from the LEF file with version 5.6 or later. See file /home/lik/.local/share/pdk/sky130A/libs.ref/sky130_fd_sc_hd/lef/sky130_fd_sc_hd.lef at line 21266.

[WARNING ODB-0220] WARNING (LEFPARS-2036): SOURCE statement is obsolete in version 5.6 and later.
The LEF parser will ignore this statement.
To avoid this warning in the future, remove this statement from the LEF file with version 5.6 or later. See file /home/lik/.local/share/pdk/sky130A/libs.ref/sky130_fd_sc_hd/lef/sky130_fd_sc_hd.lef at line 21353.

[WARNING ODB-0220] WARNING (LEFPARS-2036): SOURCE statement is obsolete in version 5.6 and later.
The LEF parser will ignore this statement.
To avoid this warning in the future, remove this statement from the LEF file with version 5.6 or later. See file /home/lik/.local/share/pdk/sky130A/libs.ref/sky130_fd_sc_hd/lef/sky130_fd_sc_hd.lef at line 21448.

[WARNING ODB-0220] WARNING (LEFPARS-2036): SOURCE statement is obsolete in version 5.6 and later.
The LEF parser will ignore this statement.
To avoid this warning in the future, remove this statement from the LEF file with version 5.6 or later. See file /home/lik/.local/share/pdk/sky130A/libs.ref/sky130_fd_sc_hd/lef/sky130_fd_sc_hd.lef at line 21555.

[WARNING ODB-0220] WARNING (LEFPARS-2036): SOURCE statement is obsolete in version 5.6 and later.
The LEF parser will ignore this statement.
To avoid this warning in the future, remove this statement from the LEF file with version 5.6 or later. See file /home/lik/.local/share/pdk/sky130A/libs.ref/sky130_fd_sc_hd/lef/sky130_fd_sc_hd.lef at line 21745.

[WARNING ODB-0220] WARNING (LEFPARS-2036): SOURCE statement is obsolete in version 5.6 and later.
The LEF parser will ignore this statement.
To avoid this warning in the future, remove this statement from the LEF file with version 5.6 or later. See file /home/lik/.local/share/pdk/sky130A/libs.ref/sky130_fd_sc_hd/lef/sky130_fd_sc_hd.lef at line 21956.

[WARNING ODB-0220] WARNING (LEFPARS-2036): SOURCE statement is obsolete in version 5.6 and later.
The LEF parser will ignore this statement.
To avoid this warning in the future, remove this statement from the LEF file with version 5.6 or later. See file /home/lik/.local/share/pdk/sky130A/libs.ref/sky130_fd_sc_hd/lef/sky130_fd_sc_hd.lef at line 22175.

[WARNING ODB-0220] WARNING (LEFPARS-2036): SOURCE statement is obsolete in version 5.6 and later.
The LEF parser will ignore this statement.
To avoid this warning in the future, remove this statement from the LEF file with version 5.6 or later. See file /home/lik/.local/share/pdk/sky130A/libs.ref/sky130_fd_sc_hd/lef/sky130_fd_sc_hd.lef at line 22439.

[WARNING ODB-0220] WARNING (LEFPARS-2036): SOURCE statement is obsolete in version 5.6 and later.
The LEF parser will ignore this statement.
To avoid this warning in the future, remove this statement from the LEF file with version 5.6 or later. See file /home/lik/.local/share/pdk/sky130A/libs.ref/sky130_fd_sc_hd/lef/sky130_fd_sc_hd.lef at line 22701.

[WARNING ODB-0220] WARNING (LEFPARS-2036): SOURCE statement is obsolete in version 5.6 and later.
The LEF parser will ignore this statement.
To avoid this warning in the future, remove this statement from the LEF file with version 5.6 or later. See file /home/lik/.local/share/pdk/sky130A/libs.ref/sky130_fd_sc_hd/lef/sky130_fd_sc_hd.lef at line 22949.

[WARNING ODB-0220] WARNING (LEFPARS-2036): SOURCE statement is obsolete in version 5.6 and later.
The LEF parser will ignore this statement.
To avoid this warning in the future, remove this statement from the LEF file with version 5.6 or later. See file /home/lik/.local/share/pdk/sky130A/libs.ref/sky130_fd_sc_hd/lef/sky130_fd_sc_hd.lef at line 22987.

[WARNING ODB-0220] WARNING (LEFPARS-2036): SOURCE statement is obsolete in version 5.6 and later.
The LEF parser will ignore this statement.
To avoid this warning in the future, remove this statement from the LEF file with version 5.6 or later. See file /home/lik/.local/share/pdk/sky130A/libs.ref/sky130_fd_sc_hd/lef/sky130_fd_sc_hd.lef at line 23025.

[WARNING ODB-0220] WARNING (LEFPARS-2036): SOURCE statement is obsolete in version 5.6 and later.
The LEF parser will ignore this statement.
To avoid this warning in the future, remove this statement from the LEF file with version 5.6 or later. See file /home/lik/.local/share/pdk/sky130A/libs.ref/sky130_fd_sc_hd/lef/sky130_fd_sc_hd.lef at line 23063.

[WARNING ODB-0220] WARNING (LEFPARS-2036): SOURCE statement is obsolete in version 5.6 and later.
The LEF parser will ignore this statement.
To avoid this warning in the future, remove this statement from the LEF file with version 5.6 or later. See file /home/lik/.local/share/pdk/sky130A/libs.ref/sky130_fd_sc_hd/lef/sky130_fd_sc_hd.lef at line 23101.

[WARNING ODB-0220] WARNING (LEFPARS-2036): SOURCE statement is obsolete in version 5.6 and later.
The LEF parser will ignore this statement.
To avoid this warning in the future, remove this statement from the LEF file with version 5.6 or later. See file /home/lik/.local/share/pdk/sky130A/libs.ref/sky130_fd_sc_hd/lef/sky130_fd_sc_hd.lef at line 23210.

[WARNING ODB-0220] WARNING (LEFPARS-2036): SOURCE statement is obsolete in version 5.6 and later.
The LEF parser will ignore this statement.
To avoid this warning in the future, remove this statement from the LEF file with version 5.6 or later. See file /home/lik/.local/share/pdk/sky130A/libs.ref/sky130_fd_sc_hd/lef/sky130_fd_sc_hd.lef at line 23317.

[WARNING ODB-0220] WARNING (LEFPARS-2036): SOURCE statement is obsolete in version 5.6 and later.
The LEF parser will ignore this statement.
To avoid this warning in the future, remove this statement from the LEF file with version 5.6 or later. See file /home/lik/.local/share/pdk/sky130A/libs.ref/sky130_fd_sc_hd/lef/sky130_fd_sc_hd.lef at line 23464.

[WARNING ODB-0220] WARNING (LEFPARS-2036): SOURCE statement is obsolete in version 5.6 and later.
The LEF parser will ignore this statement.
To avoid this warning in the future, remove this statement from the LEF file with version 5.6 or later. See file /home/lik/.local/share/pdk/sky130A/libs.ref/sky130_fd_sc_hd/lef/sky130_fd_sc_hd.lef at line 23524.

[WARNING ODB-0220] WARNING (LEFPARS-2036): SOURCE statement is obsolete in version 5.6 and later.
The LEF parser will ignore this statement.
To avoid this warning in the future, remove this statement from the LEF file with version 5.6 or later. See file /home/lik/.local/share/pdk/sky130A/libs.ref/sky130_fd_sc_hd/lef/sky130_fd_sc_hd.lef at line 23586.

[WARNING ODB-0220] WARNING (LEFPARS-2036): SOURCE statement is obsolete in version 5.6 and later.
The LEF parser will ignore this statement.
To avoid this warning in the future, remove this statement from the LEF file with version 5.6 or later. See file /home/lik/.local/share/pdk/sky130A/libs.ref/sky130_fd_sc_hd/lef/sky130_fd_sc_hd.lef at line 23655.

[WARNING ODB-0220] WARNING (LEFPARS-2036): SOURCE statement is obsolete in version 5.6 and later.
The LEF parser will ignore this statement.
To avoid this warning in the future, remove this statement from the LEF file with version 5.6 or later. See file /home/lik/.local/share/pdk/sky130A/libs.ref/sky130_fd_sc_hd/lef/sky130_fd_sc_hd.lef at line 23728.

[WARNING ODB-0220] WARNING (LEFPARS-2036): SOURCE statement is obsolete in version 5.6 and later.
The LEF parser will ignore this statement.
To avoid this warning in the future, remove this statement from the LEF file with version 5.6 or later. See file /home/lik/.local/share/pdk/sky130A/libs.ref/sky130_fd_sc_hd/lef/sky130_fd_sc_hd.lef at line 23805.

[WARNING ODB-0220] WARNING (LEFPARS-2036): SOURCE statement is obsolete in version 5.6 and later.
The LEF parser will ignore this statement.
To avoid this warning in the future, remove this statement from the LEF file with version 5.6 or later. See file /home/lik/.local/share/pdk/sky130A/libs.ref/sky130_fd_sc_hd/lef/sky130_fd_sc_hd.lef at line 23890.

[WARNING ODB-0220] WARNING (LEFPARS-2036): SOURCE statement is obsolete in version 5.6 and later.
The LEF parser will ignore this statement.
To avoid this warning in the future, remove this statement from the LEF file with version 5.6 or later. See file /home/lik/.local/share/pdk/sky130A/libs.ref/sky130_fd_sc_hd/lef/sky130_fd_sc_hd.lef at line 23982.

[WARNING ODB-0220] WARNING (LEFPARS-2036): SOURCE statement is obsolete in version 5.6 and later.
The LEF parser will ignore this statement.
To avoid this warning in the future, remove this statement from the LEF file with version 5.6 or later. See file /home/lik/.local/share/pdk/sky130A/libs.ref/sky130_fd_sc_hd/lef/sky130_fd_sc_hd.lef at line 24031.

[WARNING ODB-0220] WARNING (LEFPARS-2036): SOURCE statement is obsolete in version 5.6 and later.
The LEF parser will ignore this statement.
To avoid this warning in the future, remove this statement from the LEF file with version 5.6 or later. See file /home/lik/.local/share/pdk/sky130A/libs.ref/sky130_fd_sc_hd/lef/sky130_fd_sc_hd.lef at line 24112.

[WARNING ODB-0220] WARNING (LEFPARS-2036): SOURCE statement is obsolete in version 5.6 and later.
The LEF parser will ignore this statement.
To avoid this warning in the future, remove this statement from the LEF file with version 5.6 or later. See file /home/lik/.local/share/pdk/sky130A/libs.ref/sky130_fd_sc_hd/lef/sky130_fd_sc_hd.lef at line 24199.

[WARNING ODB-0220] WARNING (LEFPARS-2036): SOURCE statement is obsolete in version 5.6 and later.
The LEF parser will ignore this statement.
To avoid this warning in the future, remove this statement from the LEF file with version 5.6 or later. See file /home/lik/.local/share/pdk/sky130A/libs.ref/sky130_fd_sc_hd/lef/sky130_fd_sc_hd.lef at line 24308.

[WARNING ODB-0220] WARNING (LEFPARS-2036): SOURCE statement is obsolete in version 5.6 and later.
The LEF parser will ignore this statement.
To avoid this warning in the future, remove this statement from the LEF file with version 5.6 or later. See file /home/lik/.local/share/pdk/sky130A/libs.ref/sky130_fd_sc_hd/lef/sky130_fd_sc_hd.lef at line 24423.

[WARNING ODB-0220] WARNING (LEFPARS-2036): SOURCE statement is obsolete in version 5.6 and later.
The LEF parser will ignore this statement.
To avoid this warning in the future, remove this statement from the LEF file with version 5.6 or later. See file /home/lik/.local/share/pdk/sky130A/libs.ref/sky130_fd_sc_hd/lef/sky130_fd_sc_hd.lef at line 24579.

[WARNING ODB-0220] WARNING (LEFPARS-2036): SOURCE statement is obsolete in version 5.6 and later.
The LEF parser will ignore this statement.
To avoid this warning in the future, remove this statement from the LEF file with version 5.6 or later. See file /home/lik/.local/share/pdk/sky130A/libs.ref/sky130_fd_sc_hd/lef/sky130_fd_sc_hd.lef at line 24658.

[WARNING ODB-0220] WARNING (LEFPARS-2036): SOURCE statement is obsolete in version 5.6 and later.
The LEF parser will ignore this statement.
To avoid this warning in the future, remove this statement from the LEF file with version 5.6 or later. See file /home/lik/.local/share/pdk/sky130A/libs.ref/sky130_fd_sc_hd/lef/sky130_fd_sc_hd.lef at line 24740.

[WARNING ODB-0220] WARNING (LEFPARS-2036): SOURCE statement is obsolete in version 5.6 and later.
The LEF parser will ignore this statement.
To avoid this warning in the future, remove this statement from the LEF file with version 5.6 or later. See file /home/lik/.local/share/pdk/sky130A/libs.ref/sky130_fd_sc_hd/lef/sky130_fd_sc_hd.lef at line 24836.

[WARNING ODB-0220] WARNING (LEFPARS-2036): SOURCE statement is obsolete in version 5.6 and later.
The LEF parser will ignore this statement.
To avoid this warning in the future, remove this statement from the LEF file with version 5.6 or later. See file /home/lik/.local/share/pdk/sky130A/libs.ref/sky130_fd_sc_hd/lef/sky130_fd_sc_hd.lef at line 24954.

[WARNING ODB-0220] WARNING (LEFPARS-2036): SOURCE statement is obsolete in version 5.6 and later.
The LEF parser will ignore this statement.
To avoid this warning in the future, remove this statement from the LEF file with version 5.6 or later. See file /home/lik/.local/share/pdk/sky130A/libs.ref/sky130_fd_sc_hd/lef/sky130_fd_sc_hd.lef at line 25126.

[WARNING ODB-0220] WARNING (LEFPARS-2036): SOURCE statement is obsolete in version 5.6 and later.
The LEF parser will ignore this statement.
To avoid this warning in the future, remove this statement from the LEF file with version 5.6 or later. See file /home/lik/.local/share/pdk/sky130A/libs.ref/sky130_fd_sc_hd/lef/sky130_fd_sc_hd.lef at line 25181.

[WARNING ODB-0220] WARNING (LEFPARS-2036): SOURCE statement is obsolete in version 5.6 and later.
The LEF parser will ignore this statement.
To avoid this warning in the future, remove this statement from the LEF file with version 5.6 or later. See file /home/lik/.local/share/pdk/sky130A/libs.ref/sky130_fd_sc_hd/lef/sky130_fd_sc_hd.lef at line 25236.

[WARNING ODB-0220] WARNING (LEFPARS-2036): SOURCE statement is obsolete in version 5.6 and later.
The LEF parser will ignore this statement.
To avoid this warning in the future, remove this statement from the LEF file with version 5.6 or later. See file /home/lik/.local/share/pdk/sky130A/libs.ref/sky130_fd_sc_hd/lef/sky130_fd_sc_hd.lef at line 25291.

[WARNING ODB-0220] WARNING (LEFPARS-2036): SOURCE statement is obsolete in version 5.6 and later.
The LEF parser will ignore this statement.
To avoid this warning in the future, remove this statement from the LEF file with version 5.6 or later. See file /home/lik/.local/share/pdk/sky130A/libs.ref/sky130_fd_sc_hd/lef/sky130_fd_sc_hd.lef at line 25346.

[WARNING ODB-0220] WARNING (LEFPARS-2036): SOURCE statement is obsolete in version 5.6 and later.
The LEF parser will ignore this statement.
To avoid this warning in the future, remove this statement from the LEF file with version 5.6 or later. See file /home/lik/.local/share/pdk/sky130A/libs.ref/sky130_fd_sc_hd/lef/sky130_fd_sc_hd.lef at line 25401.

[WARNING ODB-0220] WARNING (LEFPARS-2036): SOURCE statement is obsolete in version 5.6 and later.
The LEF parser will ignore this statement.
To avoid this warning in the future, remove this statement from the LEF file with version 5.6 or later. See file /home/lik/.local/share/pdk/sky130A/libs.ref/sky130_fd_sc_hd/lef/sky130_fd_sc_hd.lef at line 25480.

[WARNING ODB-0220] WARNING (LEFPARS-2036): SOURCE statement is obsolete in version 5.6 and later.
The LEF parser will ignore this statement.
To avoid this warning in the future, remove this statement from the LEF file with version 5.6 or later. See file /home/lik/.local/share/pdk/sky130A/libs.ref/sky130_fd_sc_hd/lef/sky130_fd_sc_hd.lef at line 25565.

[WARNING ODB-0220] WARNING (LEFPARS-2036): SOURCE statement is obsolete in version 5.6 and later.
The LEF parser will ignore this statement.
To avoid this warning in the future, remove this statement from the LEF file with version 5.6 or later. See file /home/lik/.local/share/pdk/sky130A/libs.ref/sky130_fd_sc_hd/lef/sky130_fd_sc_hd.lef at line 25649.

[WARNING ODB-0220] WARNING (LEFPARS-2036): SOURCE statement is obsolete in version 5.6 and later.
The LEF parser will ignore this statement.
To avoid this warning in the future, remove this statement from the LEF file with version 5.6 or later. See file /home/lik/.local/share/pdk/sky130A/libs.ref/sky130_fd_sc_hd/lef/sky130_fd_sc_hd.lef at line 25725.

[WARNING ODB-0220] WARNING (LEFPARS-2036): SOURCE statement is obsolete in version 5.6 and later.
The LEF parser will ignore this statement.
To avoid this warning in the future, remove this statement from the LEF file with version 5.6 or later. See file /home/lik/.local/share/pdk/sky130A/libs.ref/sky130_fd_sc_hd/lef/sky130_fd_sc_hd.lef at line 25831.

[WARNING ODB-0220] WARNING (LEFPARS-2036): SOURCE statement is obsolete in version 5.6 and later.
The LEF parser will ignore this statement.
To avoid this warning in the future, remove this statement from the LEF file with version 5.6 or later. See file /home/lik/.local/share/pdk/sky130A/libs.ref/sky130_fd_sc_hd/lef/sky130_fd_sc_hd.lef at line 25909.

[WARNING ODB-0220] WARNING (LEFPARS-2036): SOURCE statement is obsolete in version 5.6 and later.
The LEF parser will ignore this statement.
To avoid this warning in the future, remove this statement from the LEF file with version 5.6 or later. See file /home/lik/.local/share/pdk/sky130A/libs.ref/sky130_fd_sc_hd/lef/sky130_fd_sc_hd.lef at line 25998.

[WARNING ODB-0220] WARNING (LEFPARS-2036): SOURCE statement is obsolete in version 5.6 and later.
The LEF parser will ignore this statement.
To avoid this warning in the future, remove this statement from the LEF file with version 5.6 or later. See file /home/lik/.local/share/pdk/sky130A/libs.ref/sky130_fd_sc_hd/lef/sky130_fd_sc_hd.lef at line 26093.

[WARNING ODB-0220] WARNING (LEFPARS-2036): SOURCE statement is obsolete in version 5.6 and later.
The LEF parser will ignore this statement.
To avoid this warning in the future, remove this statement from the LEF file with version 5.6 or later. See file /home/lik/.local/share/pdk/sky130A/libs.ref/sky130_fd_sc_hd/lef/sky130_fd_sc_hd.lef at line 26206.

[WARNING ODB-0220] WARNING (LEFPARS-2036): SOURCE statement is obsolete in version 5.6 and later.
The LEF parser will ignore this statement.
To avoid this warning in the future, remove this statement from the LEF file with version 5.6 or later. See file /home/lik/.local/share/pdk/sky130A/libs.ref/sky130_fd_sc_hd/lef/sky130_fd_sc_hd.lef at line 26355.

[WARNING ODB-0220] WARNING (LEFPARS-2036): SOURCE statement is obsolete in version 5.6 and later.
The LEF parser will ignore this statement.
To avoid this warning in the future, remove this statement from the LEF file with version 5.6 or later. See file /home/lik/.local/share/pdk/sky130A/libs.ref/sky130_fd_sc_hd/lef/sky130_fd_sc_hd.lef at line 26562.

[WARNING ODB-0220] WARNING (LEFPARS-2036): SOURCE statement is obsolete in version 5.6 and later.
The LEF parser will ignore this statement.
To avoid this warning in the future, remove this statement from the LEF file with version 5.6 or later. See file /home/lik/.local/share/pdk/sky130A/libs.ref/sky130_fd_sc_hd/lef/sky130_fd_sc_hd.lef at line 26689.

[WARNING ODB-0220] WARNING (LEFPARS-2036): SOURCE statement is obsolete in version 5.6 and later.
The LEF parser will ignore this statement.
To avoid this warning in the future, remove this statement from the LEF file with version 5.6 or later. See file /home/lik/.local/share/pdk/sky130A/libs.ref/sky130_fd_sc_hd/lef/sky130_fd_sc_hd.lef at line 26817.

[WARNING ODB-0220] WARNING (LEFPARS-2036): SOURCE statement is obsolete in version 5.6 and later.
The LEF parser will ignore this statement.
To avoid this warning in the future, remove this statement from the LEF file with version 5.6 or later. See file /home/lik/.local/share/pdk/sky130A/libs.ref/sky130_fd_sc_hd/lef/sky130_fd_sc_hd.lef at line 26951.

[WARNING ODB-0220] WARNING (LEFPARS-2036): SOURCE statement is obsolete in version 5.6 and later.
The LEF parser will ignore this statement.
To avoid this warning in the future, remove this statement from the LEF file with version 5.6 or later. See file /home/lik/.local/share/pdk/sky130A/libs.ref/sky130_fd_sc_hd/lef/sky130_fd_sc_hd.lef at line 27082.

[WARNING ODB-0220] WARNING (LEFPARS-2036): SOURCE statement is obsolete in version 5.6 and later.
The LEF parser will ignore this statement.
To avoid this warning in the future, remove this statement from the LEF file with version 5.6 or later. See file /home/lik/.local/share/pdk/sky130A/libs.ref/sky130_fd_sc_hd/lef/sky130_fd_sc_hd.lef at line 27209.

[WARNING ODB-0220] WARNING (LEFPARS-2036): SOURCE statement is obsolete in version 5.6 and later.
The LEF parser will ignore this statement.
To avoid this warning in the future, remove this statement from the LEF file with version 5.6 or later. See file /home/lik/.local/share/pdk/sky130A/libs.ref/sky130_fd_sc_hd/lef/sky130_fd_sc_hd.lef at line 27337.

[WARNING ODB-0220] WARNING (LEFPARS-2036): SOURCE statement is obsolete in version 5.6 and later.
The LEF parser will ignore this statement.
To avoid this warning in the future, remove this statement from the LEF file with version 5.6 or later. See file /home/lik/.local/share/pdk/sky130A/libs.ref/sky130_fd_sc_hd/lef/sky130_fd_sc_hd.lef at line 27471.

[WARNING ODB-0220] WARNING (LEFPARS-2036): SOURCE statement is obsolete in version 5.6 and later.
The LEF parser will ignore this statement.
To avoid this warning in the future, remove this statement from the LEF file with version 5.6 or later. See file /home/lik/.local/share/pdk/sky130A/libs.ref/sky130_fd_sc_hd/lef/sky130_fd_sc_hd.lef at line 27564.

[WARNING ODB-0220] WARNING (LEFPARS-2036): SOURCE statement is obsolete in version 5.6 and later.
The LEF parser will ignore this statement.
To avoid this warning in the future, remove this statement from the LEF file with version 5.6 or later. See file /home/lik/.local/share/pdk/sky130A/libs.ref/sky130_fd_sc_hd/lef/sky130_fd_sc_hd.lef at line 27658.

[WARNING ODB-0220] WARNING (LEFPARS-2036): SOURCE statement is obsolete in version 5.6 and later.
The LEF parser will ignore this statement.
To avoid this warning in the future, remove this statement from the LEF file with version 5.6 or later. See file /home/lik/.local/share/pdk/sky130A/libs.ref/sky130_fd_sc_hd/lef/sky130_fd_sc_hd.lef at line 27752.

[WARNING ODB-0220] WARNING (LEFPARS-2036): SOURCE statement is obsolete in version 5.6 and later.
The LEF parser will ignore this statement.
To avoid this warning in the future, remove this statement from the LEF file with version 5.6 or later. See file /home/lik/.local/share/pdk/sky130A/libs.ref/sky130_fd_sc_hd/lef/sky130_fd_sc_hd.lef at line 27859.

[WARNING ODB-0220] WARNING (LEFPARS-2036): SOURCE statement is obsolete in version 5.6 and later.
The LEF parser will ignore this statement.
To avoid this warning in the future, remove this statement from the LEF file with version 5.6 or later. See file /home/lik/.local/share/pdk/sky130A/libs.ref/sky130_fd_sc_hd/lef/sky130_fd_sc_hd.lef at line 27957.

[WARNING ODB-0220] WARNING (LEFPARS-2036): SOURCE statement is obsolete in version 5.6 and later.
The LEF parser will ignore this statement.
To avoid this warning in the future, remove this statement from the LEF file with version 5.6 or later. See file /home/lik/.local/share/pdk/sky130A/libs.ref/sky130_fd_sc_hd/lef/sky130_fd_sc_hd.lef at line 28058.

[WARNING ODB-0220] WARNING (LEFPARS-2036): SOURCE statement is obsolete in version 5.6 and later.
The LEF parser will ignore this statement.
To avoid this warning in the future, remove this statement from the LEF file with version 5.6 or later. See file /home/lik/.local/share/pdk/sky130A/libs.ref/sky130_fd_sc_hd/lef/sky130_fd_sc_hd.lef at line 28168.

[WARNING ODB-0220] WARNING (LEFPARS-2036): SOURCE statement is obsolete in version 5.6 and later.
The LEF parser will ignore this statement.
To avoid this warning in the future, remove this statement from the LEF file with version 5.6 or later. See file /home/lik/.local/share/pdk/sky130A/libs.ref/sky130_fd_sc_hd/lef/sky130_fd_sc_hd.lef at line 28330.

[WARNING ODB-0220] WARNING (LEFPARS-2036): SOURCE statement is obsolete in version 5.6 and later.
The LEF parser will ignore this statement.
To avoid this warning in the future, remove this statement from the LEF file with version 5.6 or later. See file /home/lik/.local/share/pdk/sky130A/libs.ref/sky130_fd_sc_hd/lef/sky130_fd_sc_hd.lef at line 28430.

[WARNING ODB-0220] WARNING (LEFPARS-2036): SOURCE statement is obsolete in version 5.6 and later.
The LEF parser will ignore this statement.
To avoid this warning in the future, remove this statement from the LEF file with version 5.6 or later. See file /home/lik/.local/share/pdk/sky130A/libs.ref/sky130_fd_sc_hd/lef/sky130_fd_sc_hd.lef at line 28547.

[WARNING ODB-0220] WARNING (LEFPARS-2036): SOURCE statement is obsolete in version 5.6 and later.
The LEF parser will ignore this statement.
To avoid this warning in the future, remove this statement from the LEF file with version 5.6 or later. See file /home/lik/.local/share/pdk/sky130A/libs.ref/sky130_fd_sc_hd/lef/sky130_fd_sc_hd.lef at line 28668.

[WARNING ODB-0220] WARNING (LEFPARS-2036): SOURCE statement is obsolete in version 5.6 and later.
The LEF parser will ignore this statement.
To avoid this warning in the future, remove this statement from the LEF file with version 5.6 or later. See file /home/lik/.local/share/pdk/sky130A/libs.ref/sky130_fd_sc_hd/lef/sky130_fd_sc_hd.lef at line 28881.

[WARNING ODB-0220] WARNING (LEFPARS-2036): SOURCE statement is obsolete in version 5.6 and later.
The LEF parser will ignore this statement.
To avoid this warning in the future, remove this statement from the LEF file with version 5.6 or later. See file /home/lik/.local/share/pdk/sky130A/libs.ref/sky130_fd_sc_hd/lef/sky130_fd_sc_hd.lef at line 29085.

[WARNING ODB-0220] WARNING (LEFPARS-2036): SOURCE statement is obsolete in version 5.6 and later.
The LEF parser will ignore this statement.
To avoid this warning in the future, remove this statement from the LEF file with version 5.6 or later. See file /home/lik/.local/share/pdk/sky130A/libs.ref/sky130_fd_sc_hd/lef/sky130_fd_sc_hd.lef at line 29295.

[WARNING ODB-0220] WARNING (LEFPARS-2036): SOURCE statement is obsolete in version 5.6 and later.
The LEF parser will ignore this statement.
To avoid this warning in the future, remove this statement from the LEF file with version 5.6 or later. See file /home/lik/.local/share/pdk/sky130A/libs.ref/sky130_fd_sc_hd/lef/sky130_fd_sc_hd.lef at line 29365.

[WARNING ODB-0220] WARNING (LEFPARS-2036): SOURCE statement is obsolete in version 5.6 and later.
The LEF parser will ignore this statement.
To avoid this warning in the future, remove this statement from the LEF file with version 5.6 or later. See file /home/lik/.local/share/pdk/sky130A/libs.ref/sky130_fd_sc_hd/lef/sky130_fd_sc_hd.lef at line 29444.

[WARNING ODB-0220] WARNING (LEFPARS-2036): SOURCE statement is obsolete in version 5.6 and later.
The LEF parser will ignore this statement.
To avoid this warning in the future, remove this statement from the LEF file with version 5.6 or later. See file /home/lik/.local/share/pdk/sky130A/libs.ref/sky130_fd_sc_hd/lef/sky130_fd_sc_hd.lef at line 29530.

[WARNING ODB-0220] WARNING (LEFPARS-2036): SOURCE statement is obsolete in version 5.6 and later.
The LEF parser will ignore this statement.
To avoid this warning in the future, remove this statement from the LEF file with version 5.6 or later. See file /home/lik/.local/share/pdk/sky130A/libs.ref/sky130_fd_sc_hd/lef/sky130_fd_sc_hd.lef at line 29629.

[WARNING ODB-0220] WARNING (LEFPARS-2036): SOURCE statement is obsolete in version 5.6 and later.
The LEF parser will ignore this statement.
To avoid this warning in the future, remove this statement from the LEF file with version 5.6 or later. See file /home/lik/.local/share/pdk/sky130A/libs.ref/sky130_fd_sc_hd/lef/sky130_fd_sc_hd.lef at line 29708.

[WARNING ODB-0220] WARNING (LEFPARS-2036): SOURCE statement is obsolete in version 5.6 and later.
The LEF parser will ignore this statement.
To avoid this warning in the future, remove this statement from the LEF file with version 5.6 or later. See file /home/lik/.local/share/pdk/sky130A/libs.ref/sky130_fd_sc_hd/lef/sky130_fd_sc_hd.lef at line 29796.

[WARNING ODB-0220] WARNING (LEFPARS-2036): SOURCE statement is obsolete in version 5.6 and later.
The LEF parser will ignore this statement.
To avoid this warning in the future, remove this statement from the LEF file with version 5.6 or later. See file /home/lik/.local/share/pdk/sky130A/libs.ref/sky130_fd_sc_hd/lef/sky130_fd_sc_hd.lef at line 29890.

[WARNING ODB-0220] WARNING (LEFPARS-2036): SOURCE statement is obsolete in version 5.6 and later.
The LEF parser will ignore this statement.
To avoid this warning in the future, remove this statement from the LEF file with version 5.6 or later. See file /home/lik/.local/share/pdk/sky130A/libs.ref/sky130_fd_sc_hd/lef/sky130_fd_sc_hd.lef at line 29972.

[WARNING ODB-0220] WARNING (LEFPARS-2036): SOURCE statement is obsolete in version 5.6 and later.
The LEF parser will ignore this statement.
To avoid this warning in the future, remove this statement from the LEF file with version 5.6 or later. See file /home/lik/.local/share/pdk/sky130A/libs.ref/sky130_fd_sc_hd/lef/sky130_fd_sc_hd.lef at line 30060.

[WARNING ODB-0220] WARNING (LEFPARS-2036): SOURCE statement is obsolete in version 5.6 and later.
The LEF parser will ignore this statement.
To avoid this warning in the future, remove this statement from the LEF file with version 5.6 or later. See file /home/lik/.local/share/pdk/sky130A/libs.ref/sky130_fd_sc_hd/lef/sky130_fd_sc_hd.lef at line 30159.

[WARNING ODB-0220] WARNING (LEFPARS-2036): SOURCE statement is obsolete in version 5.6 and later.
The LEF parser will ignore this statement.
To avoid this warning in the future, remove this statement from the LEF file with version 5.6 or later. See file /home/lik/.local/share/pdk/sky130A/libs.ref/sky130_fd_sc_hd/lef/sky130_fd_sc_hd.lef at line 30246.

[WARNING ODB-0220] WARNING (LEFPARS-2036): SOURCE statement is obsolete in version 5.6 and later.
The LEF parser will ignore this statement.
To avoid this warning in the future, remove this statement from the LEF file with version 5.6 or later. See file /home/lik/.local/share/pdk/sky130A/libs.ref/sky130_fd_sc_hd/lef/sky130_fd_sc_hd.lef at line 30346.

[WARNING ODB-0220] WARNING (LEFPARS-2036): SOURCE statement is obsolete in version 5.6 and later.
The LEF parser will ignore this statement.
To avoid this warning in the future, remove this statement from the LEF file with version 5.6 or later. See file /home/lik/.local/share/pdk/sky130A/libs.ref/sky130_fd_sc_hd/lef/sky130_fd_sc_hd.lef at line 30453.

[WARNING ODB-0220] WARNING (LEFPARS-2036): SOURCE statement is obsolete in version 5.6 and later.
The LEF parser will ignore this statement.
To avoid this warning in the future, remove this statement from the LEF file with version 5.6 or later. See file /home/lik/.local/share/pdk/sky130A/libs.ref/sky130_fd_sc_hd/lef/sky130_fd_sc_hd.lef at line 30547.

[WARNING ODB-0220] WARNING (LEFPARS-2036): SOURCE statement is obsolete in version 5.6 and later.
The LEF parser will ignore this statement.
To avoid this warning in the future, remove this statement from the LEF file with version 5.6 or later. See file /home/lik/.local/share/pdk/sky130A/libs.ref/sky130_fd_sc_hd/lef/sky130_fd_sc_hd.lef at line 30651.

[WARNING ODB-0220] WARNING (LEFPARS-2036): SOURCE statement is obsolete in version 5.6 and later.
The LEF parser will ignore this statement.
To avoid this warning in the future, remove this statement from the LEF file with version 5.6 or later. See file /home/lik/.local/share/pdk/sky130A/libs.ref/sky130_fd_sc_hd/lef/sky130_fd_sc_hd.lef at line 30765.

[WARNING ODB-0220] WARNING (LEFPARS-2036): SOURCE statement is obsolete in version 5.6 and later.
The LEF parser will ignore this statement.
To avoid this warning in the future, remove this statement from the LEF file with version 5.6 or later. See file /home/lik/.local/share/pdk/sky130A/libs.ref/sky130_fd_sc_hd/lef/sky130_fd_sc_hd.lef at line 30865.

[WARNING ODB-0220] WARNING (LEFPARS-2036): SOURCE statement is obsolete in version 5.6 and later.
The LEF parser will ignore this statement.
To avoid this warning in the future, remove this statement from the LEF file with version 5.6 or later. See file /home/lik/.local/share/pdk/sky130A/libs.ref/sky130_fd_sc_hd/lef/sky130_fd_sc_hd.lef at line 30980.

[WARNING ODB-0220] WARNING (LEFPARS-2036): SOURCE statement is obsolete in version 5.6 and later.
The LEF parser will ignore this statement.
To avoid this warning in the future, remove this statement from the LEF file with version 5.6 or later. See file /home/lik/.local/share/pdk/sky130A/libs.ref/sky130_fd_sc_hd/lef/sky130_fd_sc_hd.lef at line 31102.

[WARNING ODB-0220] WARNING (LEFPARS-2036): SOURCE statement is obsolete in version 5.6 and later.
The LEF parser will ignore this statement.
To avoid this warning in the future, remove this statement from the LEF file with version 5.6 or later. See file /home/lik/.local/share/pdk/sky130A/libs.ref/sky130_fd_sc_hd/lef/sky130_fd_sc_hd.lef at line 31207.

[WARNING ODB-0220] WARNING (LEFPARS-2036): SOURCE statement is obsolete in version 5.6 and later.
The LEF parser will ignore this statement.
To avoid this warning in the future, remove this statement from the LEF file with version 5.6 or later. See file /home/lik/.local/share/pdk/sky130A/libs.ref/sky130_fd_sc_hd/lef/sky130_fd_sc_hd.lef at line 31330.

[WARNING ODB-0220] WARNING (LEFPARS-2036): SOURCE statement is obsolete in version 5.6 and later.
The LEF parser will ignore this statement.
To avoid this warning in the future, remove this statement from the LEF file with version 5.6 or later. See file /home/lik/.local/share/pdk/sky130A/libs.ref/sky130_fd_sc_hd/lef/sky130_fd_sc_hd.lef at line 31465.

[WARNING ODB-0220] WARNING (LEFPARS-2036): SOURCE statement is obsolete in version 5.6 and later.
The LEF parser will ignore this statement.
To avoid this warning in the future, remove this statement from the LEF file with version 5.6 or later. See file /home/lik/.local/share/pdk/sky130A/libs.ref/sky130_fd_sc_hd/lef/sky130_fd_sc_hd.lef at line 31536.

[WARNING ODB-0220] WARNING (LEFPARS-2036): SOURCE statement is obsolete in version 5.6 and later.
The LEF parser will ignore this statement.
To avoid this warning in the future, remove this statement from the LEF file with version 5.6 or later. See file /home/lik/.local/share/pdk/sky130A/libs.ref/sky130_fd_sc_hd/lef/sky130_fd_sc_hd.lef at line 31617.

[WARNING ODB-0220] WARNING (LEFPARS-2036): SOURCE statement is obsolete in version 5.6 and later.
The LEF parser will ignore this statement.
To avoid this warning in the future, remove this statement from the LEF file with version 5.6 or later. See file /home/lik/.local/share/pdk/sky130A/libs.ref/sky130_fd_sc_hd/lef/sky130_fd_sc_hd.lef at line 31705.

[WARNING ODB-0220] WARNING (LEFPARS-2036): SOURCE statement is obsolete in version 5.6 and later.
The LEF parser will ignore this statement.
To avoid this warning in the future, remove this statement from the LEF file with version 5.6 or later. See file /home/lik/.local/share/pdk/sky130A/libs.ref/sky130_fd_sc_hd/lef/sky130_fd_sc_hd.lef at line 31809.

[WARNING ODB-0220] WARNING (LEFPARS-2036): SOURCE statement is obsolete in version 5.6 and later.
The LEF parser will ignore this statement.
To avoid this warning in the future, remove this statement from the LEF file with version 5.6 or later. See file /home/lik/.local/share/pdk/sky130A/libs.ref/sky130_fd_sc_hd/lef/sky130_fd_sc_hd.lef at line 31887.

[WARNING ODB-0220] WARNING (LEFPARS-2036): SOURCE statement is obsolete in version 5.6 and later.
The LEF parser will ignore this statement.
To avoid this warning in the future, remove this statement from the LEF file with version 5.6 or later. See file /home/lik/.local/share/pdk/sky130A/libs.ref/sky130_fd_sc_hd/lef/sky130_fd_sc_hd.lef at line 31976.

[WARNING ODB-0220] WARNING (LEFPARS-2036): SOURCE statement is obsolete in version 5.6 and later.
The LEF parser will ignore this statement.
To avoid this warning in the future, remove this statement from the LEF file with version 5.6 or later. See file /home/lik/.local/share/pdk/sky130A/libs.ref/sky130_fd_sc_hd/lef/sky130_fd_sc_hd.lef at line 32071.

[WARNING ODB-0220] WARNING (LEFPARS-2036): SOURCE statement is obsolete in version 5.6 and later.
The LEF parser will ignore this statement.
To avoid this warning in the future, remove this statement from the LEF file with version 5.6 or later. See file /home/lik/.local/share/pdk/sky130A/libs.ref/sky130_fd_sc_hd/lef/sky130_fd_sc_hd.lef at line 32156.

[WARNING ODB-0220] WARNING (LEFPARS-2036): SOURCE statement is obsolete in version 5.6 and later.
The LEF parser will ignore this statement.
To avoid this warning in the future, remove this statement from the LEF file with version 5.6 or later. See file /home/lik/.local/share/pdk/sky130A/libs.ref/sky130_fd_sc_hd/lef/sky130_fd_sc_hd.lef at line 32251.

[WARNING ODB-0220] WARNING (LEFPARS-2036): SOURCE statement is obsolete in version 5.6 and later.
The LEF parser will ignore this statement.
To avoid this warning in the future, remove this statement from the LEF file with version 5.6 or later. See file /home/lik/.local/share/pdk/sky130A/libs.ref/sky130_fd_sc_hd/lef/sky130_fd_sc_hd.lef at line 32374.

[WARNING ODB-0220] WARNING (LEFPARS-2036): SOURCE statement is obsolete in version 5.6 and later.
The LEF parser will ignore this statement.
To avoid this warning in the future, remove this statement from the LEF file with version 5.6 or later. See file /home/lik/.local/share/pdk/sky130A/libs.ref/sky130_fd_sc_hd/lef/sky130_fd_sc_hd.lef at line 32462.

[WARNING ODB-0220] WARNING (LEFPARS-2036): SOURCE statement is obsolete in version 5.6 and later.
The LEF parser will ignore this statement.
To avoid this warning in the future, remove this statement from the LEF file with version 5.6 or later. See file /home/lik/.local/share/pdk/sky130A/libs.ref/sky130_fd_sc_hd/lef/sky130_fd_sc_hd.lef at line 32561.

[WARNING ODB-0220] WARNING (LEFPARS-2036): SOURCE statement is obsolete in version 5.6 and later.
The LEF parser will ignore this statement.
To avoid this warning in the future, remove this statement from the LEF file with version 5.6 or later. See file /home/lik/.local/share/pdk/sky130A/libs.ref/sky130_fd_sc_hd/lef/sky130_fd_sc_hd.lef at line 32676.

[WARNING ODB-0220] WARNING (LEFPARS-2036): SOURCE statement is obsolete in version 5.6 and later.
The LEF parser will ignore this statement.
To avoid this warning in the future, remove this statement from the LEF file with version 5.6 or later. See file /home/lik/.local/share/pdk/sky130A/libs.ref/sky130_fd_sc_hd/lef/sky130_fd_sc_hd.lef at line 32772.

[WARNING ODB-0220] WARNING (LEFPARS-2036): SOURCE statement is obsolete in version 5.6 and later.
The LEF parser will ignore this statement.
To avoid this warning in the future, remove this statement from the LEF file with version 5.6 or later. See file /home/lik/.local/share/pdk/sky130A/libs.ref/sky130_fd_sc_hd/lef/sky130_fd_sc_hd.lef at line 32881.

[WARNING ODB-0220] WARNING (LEFPARS-2036): SOURCE statement is obsolete in version 5.6 and later.
The LEF parser will ignore this statement.
To avoid this warning in the future, remove this statement from the LEF file with version 5.6 or later. See file /home/lik/.local/share/pdk/sky130A/libs.ref/sky130_fd_sc_hd/lef/sky130_fd_sc_hd.lef at line 33006.

[WARNING ODB-0220] WARNING (LEFPARS-2036): SOURCE statement is obsolete in version 5.6 and later.
The LEF parser will ignore this statement.
To avoid this warning in the future, remove this statement from the LEF file with version 5.6 or later. See file /home/lik/.local/share/pdk/sky130A/libs.ref/sky130_fd_sc_hd/lef/sky130_fd_sc_hd.lef at line 33102.

[WARNING ODB-0220] WARNING (LEFPARS-2036): SOURCE statement is obsolete in version 5.6 and later.
The LEF parser will ignore this statement.
To avoid this warning in the future, remove this statement from the LEF file with version 5.6 or later. See file /home/lik/.local/share/pdk/sky130A/libs.ref/sky130_fd_sc_hd/lef/sky130_fd_sc_hd.lef at line 33220.

[WARNING ODB-0220] WARNING (LEFPARS-2036): SOURCE statement is obsolete in version 5.6 and later.
The LEF parser will ignore this statement.
To avoid this warning in the future, remove this statement from the LEF file with version 5.6 or later. See file /home/lik/.local/share/pdk/sky130A/libs.ref/sky130_fd_sc_hd/lef/sky130_fd_sc_hd.lef at line 33354.

[WARNING ODB-0220] WARNING (LEFPARS-2036): SOURCE statement is obsolete in version 5.6 and later.
The LEF parser will ignore this statement.
To avoid this warning in the future, remove this statement from the LEF file with version 5.6 or later. See file /home/lik/.local/share/pdk/sky130A/libs.ref/sky130_fd_sc_hd/lef/sky130_fd_sc_hd.lef at line 33464.

[WARNING ODB-0220] WARNING (LEFPARS-2036): SOURCE statement is obsolete in version 5.6 and later.
The LEF parser will ignore this statement.
To avoid this warning in the future, remove this statement from the LEF file with version 5.6 or later. See file /home/lik/.local/share/pdk/sky130A/libs.ref/sky130_fd_sc_hd/lef/sky130_fd_sc_hd.lef at line 33587.

[WARNING ODB-0220] WARNING (LEFPARS-2036): SOURCE statement is obsolete in version 5.6 and later.
The LEF parser will ignore this statement.
To avoid this warning in the future, remove this statement from the LEF file with version 5.6 or later. See file /home/lik/.local/share/pdk/sky130A/libs.ref/sky130_fd_sc_hd/lef/sky130_fd_sc_hd.lef at line 33724.

[WARNING ODB-0220] WARNING (LEFPARS-2036): SOURCE statement is obsolete in version 5.6 and later.
The LEF parser will ignore this statement.
To avoid this warning in the future, remove this statement from the LEF file with version 5.6 or later. See file /home/lik/.local/share/pdk/sky130A/libs.ref/sky130_fd_sc_hd/lef/sky130_fd_sc_hd.lef at line 33835.

[WARNING ODB-0220] WARNING (LEFPARS-2036): SOURCE statement is obsolete in version 5.6 and later.
The LEF parser will ignore this statement.
To avoid this warning in the future, remove this statement from the LEF file with version 5.6 or later. See file /home/lik/.local/share/pdk/sky130A/libs.ref/sky130_fd_sc_hd/lef/sky130_fd_sc_hd.lef at line 33949.

[WARNING ODB-0220] WARNING (LEFPARS-2036): SOURCE statement is obsolete in version 5.6 and later.
The LEF parser will ignore this statement.
To avoid this warning in the future, remove this statement from the LEF file with version 5.6 or later. See file /home/lik/.local/share/pdk/sky130A/libs.ref/sky130_fd_sc_hd/lef/sky130_fd_sc_hd.lef at line 34096.

[WARNING ODB-0220] WARNING (LEFPARS-2036): SOURCE statement is obsolete in version 5.6 and later.
The LEF parser will ignore this statement.
To avoid this warning in the future, remove this statement from the LEF file with version 5.6 or later. See file /home/lik/.local/share/pdk/sky130A/libs.ref/sky130_fd_sc_hd/lef/sky130_fd_sc_hd.lef at line 34199.

[WARNING ODB-0220] WARNING (LEFPARS-2036): SOURCE statement is obsolete in version 5.6 and later.
The LEF parser will ignore this statement.
To avoid this warning in the future, remove this statement from the LEF file with version 5.6 or later. See file /home/lik/.local/share/pdk/sky130A/libs.ref/sky130_fd_sc_hd/lef/sky130_fd_sc_hd.lef at line 34320.

[WARNING ODB-0220] WARNING (LEFPARS-2036): SOURCE statement is obsolete in version 5.6 and later.
The LEF parser will ignore this statement.
To avoid this warning in the future, remove this statement from the LEF file with version 5.6 or later. See file /home/lik/.local/share/pdk/sky130A/libs.ref/sky130_fd_sc_hd/lef/sky130_fd_sc_hd.lef at line 34455.

[WARNING ODB-0220] WARNING (LEFPARS-2036): SOURCE statement is obsolete in version 5.6 and later.
The LEF parser will ignore this statement.
To avoid this warning in the future, remove this statement from the LEF file with version 5.6 or later. See file /home/lik/.local/share/pdk/sky130A/libs.ref/sky130_fd_sc_hd/lef/sky130_fd_sc_hd.lef at line 34554.

[WARNING ODB-0220] WARNING (LEFPARS-2036): SOURCE statement is obsolete in version 5.6 and later.
The LEF parser will ignore this statement.
To avoid this warning in the future, remove this statement from the LEF file with version 5.6 or later. See file /home/lik/.local/share/pdk/sky130A/libs.ref/sky130_fd_sc_hd/lef/sky130_fd_sc_hd.lef at line 34645.

[WARNING ODB-0220] WARNING (LEFPARS-2036): SOURCE statement is obsolete in version 5.6 and later.
The LEF parser will ignore this statement.
To avoid this warning in the future, remove this statement from the LEF file with version 5.6 or later. See file /home/lik/.local/share/pdk/sky130A/libs.ref/sky130_fd_sc_hd/lef/sky130_fd_sc_hd.lef at line 34749.

[WARNING ODB-0220] WARNING (LEFPARS-2036): SOURCE statement is obsolete in version 5.6 and later.
The LEF parser will ignore this statement.
To avoid this warning in the future, remove this statement from the LEF file with version 5.6 or later. See file /home/lik/.local/share/pdk/sky130A/libs.ref/sky130_fd_sc_hd/lef/sky130_fd_sc_hd.lef at line 34835.

[WARNING ODB-0220] WARNING (LEFPARS-2036): SOURCE statement is obsolete in version 5.6 and later.
The LEF parser will ignore this statement.
To avoid this warning in the future, remove this statement from the LEF file with version 5.6 or later. See file /home/lik/.local/share/pdk/sky130A/libs.ref/sky130_fd_sc_hd/lef/sky130_fd_sc_hd.lef at line 34921.

[WARNING ODB-0220] WARNING (LEFPARS-2036): SOURCE statement is obsolete in version 5.6 and later.
The LEF parser will ignore this statement.
To avoid this warning in the future, remove this statement from the LEF file with version 5.6 or later. See file /home/lik/.local/share/pdk/sky130A/libs.ref/sky130_fd_sc_hd/lef/sky130_fd_sc_hd.lef at line 35015.

[WARNING ODB-0220] WARNING (LEFPARS-2036): SOURCE statement is obsolete in version 5.6 and later.
The LEF parser will ignore this statement.
To avoid this warning in the future, remove this statement from the LEF file with version 5.6 or later. See file /home/lik/.local/share/pdk/sky130A/libs.ref/sky130_fd_sc_hd/lef/sky130_fd_sc_hd.lef at line 35116.

[WARNING ODB-0220] WARNING (LEFPARS-2036): SOURCE statement is obsolete in version 5.6 and later.
The LEF parser will ignore this statement.
To avoid this warning in the future, remove this statement from the LEF file with version 5.6 or later. See file /home/lik/.local/share/pdk/sky130A/libs.ref/sky130_fd_sc_hd/lef/sky130_fd_sc_hd.lef at line 35211.

[WARNING ODB-0220] WARNING (LEFPARS-2036): SOURCE statement is obsolete in version 5.6 and later.
The LEF parser will ignore this statement.
To avoid this warning in the future, remove this statement from the LEF file with version 5.6 or later. See file /home/lik/.local/share/pdk/sky130A/libs.ref/sky130_fd_sc_hd/lef/sky130_fd_sc_hd.lef at line 35311.

[WARNING ODB-0220] WARNING (LEFPARS-2036): SOURCE statement is obsolete in version 5.6 and later.
The LEF parser will ignore this statement.
To avoid this warning in the future, remove this statement from the LEF file with version 5.6 or later. See file /home/lik/.local/share/pdk/sky130A/libs.ref/sky130_fd_sc_hd/lef/sky130_fd_sc_hd.lef at line 35429.

[WARNING ODB-0220] WARNING (LEFPARS-2036): SOURCE statement is obsolete in version 5.6 and later.
The LEF parser will ignore this statement.
To avoid this warning in the future, remove this statement from the LEF file with version 5.6 or later. See file /home/lik/.local/share/pdk/sky130A/libs.ref/sky130_fd_sc_hd/lef/sky130_fd_sc_hd.lef at line 35523.

[WARNING ODB-0220] WARNING (LEFPARS-2036): SOURCE statement is obsolete in version 5.6 and later.
The LEF parser will ignore this statement.
To avoid this warning in the future, remove this statement from the LEF file with version 5.6 or later. See file /home/lik/.local/share/pdk/sky130A/libs.ref/sky130_fd_sc_hd/lef/sky130_fd_sc_hd.lef at line 35625.

[WARNING ODB-0220] WARNING (LEFPARS-2036): SOURCE statement is obsolete in version 5.6 and later.
The LEF parser will ignore this statement.
To avoid this warning in the future, remove this statement from the LEF file with version 5.6 or later. See file /home/lik/.local/share/pdk/sky130A/libs.ref/sky130_fd_sc_hd/lef/sky130_fd_sc_hd.lef at line 35739.

[WARNING ODB-0220] WARNING (LEFPARS-2036): SOURCE statement is obsolete in version 5.6 and later.
The LEF parser will ignore this statement.
To avoid this warning in the future, remove this statement from the LEF file with version 5.6 or later. See file /home/lik/.local/share/pdk/sky130A/libs.ref/sky130_fd_sc_hd/lef/sky130_fd_sc_hd.lef at line 35840.

[WARNING ODB-0220] WARNING (LEFPARS-2036): SOURCE statement is obsolete in version 5.6 and later.
The LEF parser will ignore this statement.
To avoid this warning in the future, remove this statement from the LEF file with version 5.6 or later. See file /home/lik/.local/share/pdk/sky130A/libs.ref/sky130_fd_sc_hd/lef/sky130_fd_sc_hd.lef at line 35944.

[WARNING ODB-0220] WARNING (LEFPARS-2036): SOURCE statement is obsolete in version 5.6 and later.
The LEF parser will ignore this statement.
To avoid this warning in the future, remove this statement from the LEF file with version 5.6 or later. See file /home/lik/.local/share/pdk/sky130A/libs.ref/sky130_fd_sc_hd/lef/sky130_fd_sc_hd.lef at line 36069.

[WARNING ODB-0220] WARNING (LEFPARS-2036): SOURCE statement is obsolete in version 5.6 and later.
The LEF parser will ignore this statement.
To avoid this warning in the future, remove this statement from the LEF file with version 5.6 or later. See file /home/lik/.local/share/pdk/sky130A/libs.ref/sky130_fd_sc_hd/lef/sky130_fd_sc_hd.lef at line 36168.

[WARNING ODB-0220] WARNING (LEFPARS-2036): SOURCE statement is obsolete in version 5.6 and later.
The LEF parser will ignore this statement.
To avoid this warning in the future, remove this statement from the LEF file with version 5.6 or later. See file /home/lik/.local/share/pdk/sky130A/libs.ref/sky130_fd_sc_hd/lef/sky130_fd_sc_hd.lef at line 36278.

[WARNING ODB-0220] WARNING (LEFPARS-2036): SOURCE statement is obsolete in version 5.6 and later.
The LEF parser will ignore this statement.
To avoid this warning in the future, remove this statement from the LEF file with version 5.6 or later. See file /home/lik/.local/share/pdk/sky130A/libs.ref/sky130_fd_sc_hd/lef/sky130_fd_sc_hd.lef at line 36410.

[WARNING ODB-0220] WARNING (LEFPARS-2036): SOURCE statement is obsolete in version 5.6 and later.
The LEF parser will ignore this statement.
To avoid this warning in the future, remove this statement from the LEF file with version 5.6 or later. See file /home/lik/.local/share/pdk/sky130A/libs.ref/sky130_fd_sc_hd/lef/sky130_fd_sc_hd.lef at line 36512.

[WARNING ODB-0220] WARNING (LEFPARS-2036): SOURCE statement is obsolete in version 5.6 and later.
The LEF parser will ignore this statement.
To avoid this warning in the future, remove this statement from the LEF file with version 5.6 or later. See file /home/lik/.local/share/pdk/sky130A/libs.ref/sky130_fd_sc_hd/lef/sky130_fd_sc_hd.lef at line 36618.

[WARNING ODB-0220] WARNING (LEFPARS-2036): SOURCE statement is obsolete in version 5.6 and later.
The LEF parser will ignore this statement.
To avoid this warning in the future, remove this statement from the LEF file with version 5.6 or later. See file /home/lik/.local/share/pdk/sky130A/libs.ref/sky130_fd_sc_hd/lef/sky130_fd_sc_hd.lef at line 36752.

[WARNING ODB-0220] WARNING (LEFPARS-2036): SOURCE statement is obsolete in version 5.6 and later.
The LEF parser will ignore this statement.
To avoid this warning in the future, remove this statement from the LEF file with version 5.6 or later. See file /home/lik/.local/share/pdk/sky130A/libs.ref/sky130_fd_sc_hd/lef/sky130_fd_sc_hd.lef at line 36845.

[WARNING ODB-0220] WARNING (LEFPARS-2036): SOURCE statement is obsolete in version 5.6 and later.
The LEF parser will ignore this statement.
To avoid this warning in the future, remove this statement from the LEF file with version 5.6 or later. See file /home/lik/.local/share/pdk/sky130A/libs.ref/sky130_fd_sc_hd/lef/sky130_fd_sc_hd.lef at line 36952.

[WARNING ODB-0220] WARNING (LEFPARS-2036): SOURCE statement is obsolete in version 5.6 and later.
The LEF parser will ignore this statement.
To avoid this warning in the future, remove this statement from the LEF file with version 5.6 or later. See file /home/lik/.local/share/pdk/sky130A/libs.ref/sky130_fd_sc_hd/lef/sky130_fd_sc_hd.lef at line 37072.

[WARNING ODB-0220] WARNING (LEFPARS-2036): SOURCE statement is obsolete in version 5.6 and later.
The LEF parser will ignore this statement.
To avoid this warning in the future, remove this statement from the LEF file with version 5.6 or later. See file /home/lik/.local/share/pdk/sky130A/libs.ref/sky130_fd_sc_hd/lef/sky130_fd_sc_hd.lef at line 37188.

[WARNING ODB-0220] WARNING (LEFPARS-2036): SOURCE statement is obsolete in version 5.6 and later.
The LEF parser will ignore this statement.
To avoid this warning in the future, remove this statement from the LEF file with version 5.6 or later. See file /home/lik/.local/share/pdk/sky130A/libs.ref/sky130_fd_sc_hd/lef/sky130_fd_sc_hd.lef at line 37298.

[WARNING ODB-0220] WARNING (LEFPARS-2036): SOURCE statement is obsolete in version 5.6 and later.
The LEF parser will ignore this statement.
To avoid this warning in the future, remove this statement from the LEF file with version 5.6 or later. See file /home/lik/.local/share/pdk/sky130A/libs.ref/sky130_fd_sc_hd/lef/sky130_fd_sc_hd.lef at line 37436.

[WARNING ODB-0220] WARNING (LEFPARS-2036): SOURCE statement is obsolete in version 5.6 and later.
The LEF parser will ignore this statement.
To avoid this warning in the future, remove this statement from the LEF file with version 5.6 or later. See file /home/lik/.local/share/pdk/sky130A/libs.ref/sky130_fd_sc_hd/lef/sky130_fd_sc_hd.lef at line 37540.

[WARNING ODB-0220] WARNING (LEFPARS-2036): SOURCE statement is obsolete in version 5.6 and later.
The LEF parser will ignore this statement.
To avoid this warning in the future, remove this statement from the LEF file with version 5.6 or later. See file /home/lik/.local/share/pdk/sky130A/libs.ref/sky130_fd_sc_hd/lef/sky130_fd_sc_hd.lef at line 37663.

[WARNING ODB-0220] WARNING (LEFPARS-2036): SOURCE statement is obsolete in version 5.6 and later.
The LEF parser will ignore this statement.
To avoid this warning in the future, remove this statement from the LEF file with version 5.6 or later. See file /home/lik/.local/share/pdk/sky130A/libs.ref/sky130_fd_sc_hd/lef/sky130_fd_sc_hd.lef at line 37801.

[WARNING ODB-0220] WARNING (LEFPARS-2036): SOURCE statement is obsolete in version 5.6 and later.
The LEF parser will ignore this statement.
To avoid this warning in the future, remove this statement from the LEF file with version 5.6 or later. See file /home/lik/.local/share/pdk/sky130A/libs.ref/sky130_fd_sc_hd/lef/sky130_fd_sc_hd.lef at line 37912.

[WARNING ODB-0220] WARNING (LEFPARS-2036): SOURCE statement is obsolete in version 5.6 and later.
The LEF parser will ignore this statement.
To avoid this warning in the future, remove this statement from the LEF file with version 5.6 or later. See file /home/lik/.local/share/pdk/sky130A/libs.ref/sky130_fd_sc_hd/lef/sky130_fd_sc_hd.lef at line 38025.

[WARNING ODB-0220] WARNING (LEFPARS-2036): SOURCE statement is obsolete in version 5.6 and later.
The LEF parser will ignore this statement.
To avoid this warning in the future, remove this statement from the LEF file with version 5.6 or later. See file /home/lik/.local/share/pdk/sky130A/libs.ref/sky130_fd_sc_hd/lef/sky130_fd_sc_hd.lef at line 38163.

[WARNING ODB-0220] WARNING (LEFPARS-2036): SOURCE statement is obsolete in version 5.6 and later.
The LEF parser will ignore this statement.
To avoid this warning in the future, remove this statement from the LEF file with version 5.6 or later. See file /home/lik/.local/share/pdk/sky130A/libs.ref/sky130_fd_sc_hd/lef/sky130_fd_sc_hd.lef at line 38271.

[WARNING ODB-0220] WARNING (LEFPARS-2036): SOURCE statement is obsolete in version 5.6 and later.
The LEF parser will ignore this statement.
To avoid this warning in the future, remove this statement from the LEF file with version 5.6 or later. See file /home/lik/.local/share/pdk/sky130A/libs.ref/sky130_fd_sc_hd/lef/sky130_fd_sc_hd.lef at line 38398.

[WARNING ODB-0220] WARNING (LEFPARS-2036): SOURCE statement is obsolete in version 5.6 and later.
The LEF parser will ignore this statement.
To avoid this warning in the future, remove this statement from the LEF file with version 5.6 or later. See file /home/lik/.local/share/pdk/sky130A/libs.ref/sky130_fd_sc_hd/lef/sky130_fd_sc_hd.lef at line 38541.

[WARNING ODB-0220] WARNING (LEFPARS-2036): SOURCE statement is obsolete in version 5.6 and later.
The LEF parser will ignore this statement.
To avoid this warning in the future, remove this statement from the LEF file with version 5.6 or later. See file /home/lik/.local/share/pdk/sky130A/libs.ref/sky130_fd_sc_hd/lef/sky130_fd_sc_hd.lef at line 38642.

[WARNING ODB-0220] WARNING (LEFPARS-2036): SOURCE statement is obsolete in version 5.6 and later.
The LEF parser will ignore this statement.
To avoid this warning in the future, remove this statement from the LEF file with version 5.6 or later. See file /home/lik/.local/share/pdk/sky130A/libs.ref/sky130_fd_sc_hd/lef/sky130_fd_sc_hd.lef at line 38745.

[WARNING ODB-0220] WARNING (LEFPARS-2036): SOURCE statement is obsolete in version 5.6 and later.
The LEF parser will ignore this statement.
To avoid this warning in the future, remove this statement from the LEF file with version 5.6 or later. See file /home/lik/.local/share/pdk/sky130A/libs.ref/sky130_fd_sc_hd/lef/sky130_fd_sc_hd.lef at line 38864.

[WARNING ODB-0220] WARNING (LEFPARS-2036): SOURCE statement is obsolete in version 5.6 and later.
The LEF parser will ignore this statement.
To avoid this warning in the future, remove this statement from the LEF file with version 5.6 or later. See file /home/lik/.local/share/pdk/sky130A/libs.ref/sky130_fd_sc_hd/lef/sky130_fd_sc_hd.lef at line 38961.

[WARNING ODB-0220] WARNING (LEFPARS-2036): SOURCE statement is obsolete in version 5.6 and later.
The LEF parser will ignore this statement.
To avoid this warning in the future, remove this statement from the LEF file with version 5.6 or later. See file /home/lik/.local/share/pdk/sky130A/libs.ref/sky130_fd_sc_hd/lef/sky130_fd_sc_hd.lef at line 39068.

[WARNING ODB-0220] WARNING (LEFPARS-2036): SOURCE statement is obsolete in version 5.6 and later.
The LEF parser will ignore this statement.
To avoid this warning in the future, remove this statement from the LEF file with version 5.6 or later. See file /home/lik/.local/share/pdk/sky130A/libs.ref/sky130_fd_sc_hd/lef/sky130_fd_sc_hd.lef at line 39202.

[WARNING ODB-0220] WARNING (LEFPARS-2036): SOURCE statement is obsolete in version 5.6 and later.
The LEF parser will ignore this statement.
To avoid this warning in the future, remove this statement from the LEF file with version 5.6 or later. See file /home/lik/.local/share/pdk/sky130A/libs.ref/sky130_fd_sc_hd/lef/sky130_fd_sc_hd.lef at line 39319.

[WARNING ODB-0220] WARNING (LEFPARS-2036): SOURCE statement is obsolete in version 5.6 and later.
The LEF parser will ignore this statement.
To avoid this warning in the future, remove this statement from the LEF file with version 5.6 or later. See file /home/lik/.local/share/pdk/sky130A/libs.ref/sky130_fd_sc_hd/lef/sky130_fd_sc_hd.lef at line 39441.

[WARNING ODB-0220] WARNING (LEFPARS-2036): SOURCE statement is obsolete in version 5.6 and later.
The LEF parser will ignore this statement.
To avoid this warning in the future, remove this statement from the LEF file with version 5.6 or later. See file /home/lik/.local/share/pdk/sky130A/libs.ref/sky130_fd_sc_hd/lef/sky130_fd_sc_hd.lef at line 39584.

[WARNING ODB-0220] WARNING (LEFPARS-2036): SOURCE statement is obsolete in version 5.6 and later.
The LEF parser will ignore this statement.
To avoid this warning in the future, remove this statement from the LEF file with version 5.6 or later. See file /home/lik/.local/share/pdk/sky130A/libs.ref/sky130_fd_sc_hd/lef/sky130_fd_sc_hd.lef at line 39695.

[WARNING ODB-0220] WARNING (LEFPARS-2036): SOURCE statement is obsolete in version 5.6 and later.
The LEF parser will ignore this statement.
To avoid this warning in the future, remove this statement from the LEF file with version 5.6 or later. See file /home/lik/.local/share/pdk/sky130A/libs.ref/sky130_fd_sc_hd/lef/sky130_fd_sc_hd.lef at line 39821.

[WARNING ODB-0220] WARNING (LEFPARS-2036): SOURCE statement is obsolete in version 5.6 and later.
The LEF parser will ignore this statement.
To avoid this warning in the future, remove this statement from the LEF file with version 5.6 or later. See file /home/lik/.local/share/pdk/sky130A/libs.ref/sky130_fd_sc_hd/lef/sky130_fd_sc_hd.lef at line 39969.

[WARNING ODB-0220] WARNING (LEFPARS-2036): SOURCE statement is obsolete in version 5.6 and later.
The LEF parser will ignore this statement.
To avoid this warning in the future, remove this statement from the LEF file with version 5.6 or later. See file /home/lik/.local/share/pdk/sky130A/libs.ref/sky130_fd_sc_hd/lef/sky130_fd_sc_hd.lef at line 40081.

[WARNING ODB-0220] WARNING (LEFPARS-2036): SOURCE statement is obsolete in version 5.6 and later.
The LEF parser will ignore this statement.
To avoid this warning in the future, remove this statement from the LEF file with version 5.6 or later. See file /home/lik/.local/share/pdk/sky130A/libs.ref/sky130_fd_sc_hd/lef/sky130_fd_sc_hd.lef at line 40197.

[WARNING ODB-0220] WARNING (LEFPARS-2036): SOURCE statement is obsolete in version 5.6 and later.
The LEF parser will ignore this statement.
To avoid this warning in the future, remove this statement from the LEF file with version 5.6 or later. See file /home/lik/.local/share/pdk/sky130A/libs.ref/sky130_fd_sc_hd/lef/sky130_fd_sc_hd.lef at line 40334.

[WARNING ODB-0220] WARNING (LEFPARS-2036): SOURCE statement is obsolete in version 5.6 and later.
The LEF parser will ignore this statement.
To avoid this warning in the future, remove this statement from the LEF file with version 5.6 or later. See file /home/lik/.local/share/pdk/sky130A/libs.ref/sky130_fd_sc_hd/lef/sky130_fd_sc_hd.lef at line 40439.

[WARNING ODB-0220] WARNING (LEFPARS-2036): SOURCE statement is obsolete in version 5.6 and later.
The LEF parser will ignore this statement.
To avoid this warning in the future, remove this statement from the LEF file with version 5.6 or later. See file /home/lik/.local/share/pdk/sky130A/libs.ref/sky130_fd_sc_hd/lef/sky130_fd_sc_hd.lef at line 40543.

[WARNING ODB-0220] WARNING (LEFPARS-2036): SOURCE statement is obsolete in version 5.6 and later.
The LEF parser will ignore this statement.
To avoid this warning in the future, remove this statement from the LEF file with version 5.6 or later. See file /home/lik/.local/share/pdk/sky130A/libs.ref/sky130_fd_sc_hd/lef/sky130_fd_sc_hd.lef at line 40662.

[WARNING ODB-0220] WARNING (LEFPARS-2036): SOURCE statement is obsolete in version 5.6 and later.
The LEF parser will ignore this statement.
To avoid this warning in the future, remove this statement from the LEF file with version 5.6 or later. See file /home/lik/.local/share/pdk/sky130A/libs.ref/sky130_fd_sc_hd/lef/sky130_fd_sc_hd.lef at line 40797.

[WARNING ODB-0220] WARNING (LEFPARS-2036): SOURCE statement is obsolete in version 5.6 and later.
The LEF parser will ignore this statement.
To avoid this warning in the future, remove this statement from the LEF file with version 5.6 or later. See file /home/lik/.local/share/pdk/sky130A/libs.ref/sky130_fd_sc_hd/lef/sky130_fd_sc_hd.lef at line 40909.

[WARNING ODB-0220] WARNING (LEFPARS-2036): SOURCE statement is obsolete in version 5.6 and later.
The LEF parser will ignore this statement.
To avoid this warning in the future, remove this statement from the LEF file with version 5.6 or later. See file /home/lik/.local/share/pdk/sky130A/libs.ref/sky130_fd_sc_hd/lef/sky130_fd_sc_hd.lef at line 41020.

[WARNING ODB-0220] WARNING (LEFPARS-2036): SOURCE statement is obsolete in version 5.6 and later.
The LEF parser will ignore this statement.
To avoid this warning in the future, remove this statement from the LEF file with version 5.6 or later. See file /home/lik/.local/share/pdk/sky130A/libs.ref/sky130_fd_sc_hd/lef/sky130_fd_sc_hd.lef at line 41157.

[WARNING ODB-0220] WARNING (LEFPARS-2036): SOURCE statement is obsolete in version 5.6 and later.
The LEF parser will ignore this statement.
To avoid this warning in the future, remove this statement from the LEF file with version 5.6 or later. See file /home/lik/.local/share/pdk/sky130A/libs.ref/sky130_fd_sc_hd/lef/sky130_fd_sc_hd.lef at line 41262.

[WARNING ODB-0220] WARNING (LEFPARS-2036): SOURCE statement is obsolete in version 5.6 and later.
The LEF parser will ignore this statement.
To avoid this warning in the future, remove this statement from the LEF file with version 5.6 or later. See file /home/lik/.local/share/pdk/sky130A/libs.ref/sky130_fd_sc_hd/lef/sky130_fd_sc_hd.lef at line 41387.

[WARNING ODB-0220] WARNING (LEFPARS-2036): SOURCE statement is obsolete in version 5.6 and later.
The LEF parser will ignore this statement.
To avoid this warning in the future, remove this statement from the LEF file with version 5.6 or later. See file /home/lik/.local/share/pdk/sky130A/libs.ref/sky130_fd_sc_hd/lef/sky130_fd_sc_hd.lef at line 41517.

[WARNING ODB-0220] WARNING (LEFPARS-2036): SOURCE statement is obsolete in version 5.6 and later.
The LEF parser will ignore this statement.
To avoid this warning in the future, remove this statement from the LEF file with version 5.6 or later. See file /home/lik/.local/share/pdk/sky130A/libs.ref/sky130_fd_sc_hd/lef/sky130_fd_sc_hd.lef at line 41593.

[WARNING ODB-0220] WARNING (LEFPARS-2036): SOURCE statement is obsolete in version 5.6 and later.
The LEF parser will ignore this statement.
To avoid this warning in the future, remove this statement from the LEF file with version 5.6 or later. See file /home/lik/.local/share/pdk/sky130A/libs.ref/sky130_fd_sc_hd/lef/sky130_fd_sc_hd.lef at line 41669.

[WARNING ODB-0220] WARNING (LEFPARS-2036): SOURCE statement is obsolete in version 5.6 and later.
The LEF parser will ignore this statement.
To avoid this warning in the future, remove this statement from the LEF file with version 5.6 or later. See file /home/lik/.local/share/pdk/sky130A/libs.ref/sky130_fd_sc_hd/lef/sky130_fd_sc_hd.lef at line 41749.

[WARNING ODB-0220] WARNING (LEFPARS-2036): SOURCE statement is obsolete in version 5.6 and later.
The LEF parser will ignore this statement.
To avoid this warning in the future, remove this statement from the LEF file with version 5.6 or later. See file /home/lik/.local/share/pdk/sky130A/libs.ref/sky130_fd_sc_hd/lef/sky130_fd_sc_hd.lef at line 41836.

[WARNING ODB-0220] WARNING (LEFPARS-2036): SOURCE statement is obsolete in version 5.6 and later.
The LEF parser will ignore this statement.
To avoid this warning in the future, remove this statement from the LEF file with version 5.6 or later. See file /home/lik/.local/share/pdk/sky130A/libs.ref/sky130_fd_sc_hd/lef/sky130_fd_sc_hd.lef at line 41920.

[WARNING ODB-0220] WARNING (LEFPARS-2036): SOURCE statement is obsolete in version 5.6 and later.
The LEF parser will ignore this statement.
To avoid this warning in the future, remove this statement from the LEF file with version 5.6 or later. See file /home/lik/.local/share/pdk/sky130A/libs.ref/sky130_fd_sc_hd/lef/sky130_fd_sc_hd.lef at line 42006.

[WARNING ODB-0220] WARNING (LEFPARS-2036): SOURCE statement is obsolete in version 5.6 and later.
The LEF parser will ignore this statement.
To avoid this warning in the future, remove this statement from the LEF file with version 5.6 or later. See file /home/lik/.local/share/pdk/sky130A/libs.ref/sky130_fd_sc_hd/lef/sky130_fd_sc_hd.lef at line 42101.

[WARNING ODB-0220] WARNING (LEFPARS-2036): SOURCE statement is obsolete in version 5.6 and later.
The LEF parser will ignore this statement.
To avoid this warning in the future, remove this statement from the LEF file with version 5.6 or later. See file /home/lik/.local/share/pdk/sky130A/libs.ref/sky130_fd_sc_hd/lef/sky130_fd_sc_hd.lef at line 42192.

[WARNING ODB-0220] WARNING (LEFPARS-2036): SOURCE statement is obsolete in version 5.6 and later.
The LEF parser will ignore this statement.
To avoid this warning in the future, remove this statement from the LEF file with version 5.6 or later. See file /home/lik/.local/share/pdk/sky130A/libs.ref/sky130_fd_sc_hd/lef/sky130_fd_sc_hd.lef at line 42285.

[WARNING ODB-0220] WARNING (LEFPARS-2036): SOURCE statement is obsolete in version 5.6 and later.
The LEF parser will ignore this statement.
To avoid this warning in the future, remove this statement from the LEF file with version 5.6 or later. See file /home/lik/.local/share/pdk/sky130A/libs.ref/sky130_fd_sc_hd/lef/sky130_fd_sc_hd.lef at line 42384.

[WARNING ODB-0220] WARNING (LEFPARS-2036): SOURCE statement is obsolete in version 5.6 and later.
The LEF parser will ignore this statement.
To avoid this warning in the future, remove this statement from the LEF file with version 5.6 or later. See file /home/lik/.local/share/pdk/sky130A/libs.ref/sky130_fd_sc_hd/lef/sky130_fd_sc_hd.lef at line 42481.

[WARNING ODB-0220] WARNING (LEFPARS-2036): SOURCE statement is obsolete in version 5.6 and later.
The LEF parser will ignore this statement.
To avoid this warning in the future, remove this statement from the LEF file with version 5.6 or later. See file /home/lik/.local/share/pdk/sky130A/libs.ref/sky130_fd_sc_hd/lef/sky130_fd_sc_hd.lef at line 42584.

[WARNING ODB-0220] WARNING (LEFPARS-2036): SOURCE statement is obsolete in version 5.6 and later.
The LEF parser will ignore this statement.
To avoid this warning in the future, remove this statement from the LEF file with version 5.6 or later. See file /home/lik/.local/share/pdk/sky130A/libs.ref/sky130_fd_sc_hd/lef/sky130_fd_sc_hd.lef at line 42690.

[WARNING ODB-0220] WARNING (LEFPARS-2036): SOURCE statement is obsolete in version 5.6 and later.
The LEF parser will ignore this statement.
To avoid this warning in the future, remove this statement from the LEF file with version 5.6 or later. See file /home/lik/.local/share/pdk/sky130A/libs.ref/sky130_fd_sc_hd/lef/sky130_fd_sc_hd.lef at line 42790.

[WARNING ODB-0220] WARNING (LEFPARS-2036): SOURCE statement is obsolete in version 5.6 and later.
The LEF parser will ignore this statement.
To avoid this warning in the future, remove this statement from the LEF file with version 5.6 or later. See file /home/lik/.local/share/pdk/sky130A/libs.ref/sky130_fd_sc_hd/lef/sky130_fd_sc_hd.lef at line 42892.

[WARNING ODB-0220] WARNING (LEFPARS-2036): SOURCE statement is obsolete in version 5.6 and later.
The LEF parser will ignore this statement.
To avoid this warning in the future, remove this statement from the LEF file with version 5.6 or later. See file /home/lik/.local/share/pdk/sky130A/libs.ref/sky130_fd_sc_hd/lef/sky130_fd_sc_hd.lef at line 43002.

[WARNING ODB-0220] WARNING (LEFPARS-2036): SOURCE statement is obsolete in version 5.6 and later.
The LEF parser will ignore this statement.
To avoid this warning in the future, remove this statement from the LEF file with version 5.6 or later. See file /home/lik/.local/share/pdk/sky130A/libs.ref/sky130_fd_sc_hd/lef/sky130_fd_sc_hd.lef at line 43107.

[WARNING ODB-0220] WARNING (LEFPARS-2036): SOURCE statement is obsolete in version 5.6 and later.
The LEF parser will ignore this statement.
To avoid this warning in the future, remove this statement from the LEF file with version 5.6 or later. See file /home/lik/.local/share/pdk/sky130A/libs.ref/sky130_fd_sc_hd/lef/sky130_fd_sc_hd.lef at line 43228.

[WARNING ODB-0220] WARNING (LEFPARS-2036): SOURCE statement is obsolete in version 5.6 and later.
The LEF parser will ignore this statement.
To avoid this warning in the future, remove this statement from the LEF file with version 5.6 or later. See file /home/lik/.local/share/pdk/sky130A/libs.ref/sky130_fd_sc_hd/lef/sky130_fd_sc_hd.lef at line 43345.

[WARNING ODB-0220] WARNING (LEFPARS-2036): SOURCE statement is obsolete in version 5.6 and later.
The LEF parser will ignore this statement.
To avoid this warning in the future, remove this statement from the LEF file with version 5.6 or later. See file /home/lik/.local/share/pdk/sky130A/libs.ref/sky130_fd_sc_hd/lef/sky130_fd_sc_hd.lef at line 43461.

[WARNING ODB-0220] WARNING (LEFPARS-2036): SOURCE statement is obsolete in version 5.6 and later.
The LEF parser will ignore this statement.
To avoid this warning in the future, remove this statement from the LEF file with version 5.6 or later. See file /home/lik/.local/share/pdk/sky130A/libs.ref/sky130_fd_sc_hd/lef/sky130_fd_sc_hd.lef at line 43579.

[WARNING ODB-0220] WARNING (LEFPARS-2036): SOURCE statement is obsolete in version 5.6 and later.
The LEF parser will ignore this statement.
To avoid this warning in the future, remove this statement from the LEF file with version 5.6 or later. See file /home/lik/.local/share/pdk/sky130A/libs.ref/sky130_fd_sc_hd/lef/sky130_fd_sc_hd.lef at line 43702.

[WARNING ODB-0220] WARNING (LEFPARS-2036): SOURCE statement is obsolete in version 5.6 and later.
The LEF parser will ignore this statement.
To avoid this warning in the future, remove this statement from the LEF file with version 5.6 or later. See file /home/lik/.local/share/pdk/sky130A/libs.ref/sky130_fd_sc_hd/lef/sky130_fd_sc_hd.lef at line 43831.

[WARNING ODB-0220] WARNING (LEFPARS-2036): SOURCE statement is obsolete in version 5.6 and later.
The LEF parser will ignore this statement.
To avoid this warning in the future, remove this statement from the LEF file with version 5.6 or later. See file /home/lik/.local/share/pdk/sky130A/libs.ref/sky130_fd_sc_hd/lef/sky130_fd_sc_hd.lef at line 44062.

[WARNING ODB-0220] WARNING (LEFPARS-2036): SOURCE statement is obsolete in version 5.6 and later.
The LEF parser will ignore this statement.
To avoid this warning in the future, remove this statement from the LEF file with version 5.6 or later. See file /home/lik/.local/share/pdk/sky130A/libs.ref/sky130_fd_sc_hd/lef/sky130_fd_sc_hd.lef at line 44337.

[WARNING ODB-0220] WARNING (LEFPARS-2036): SOURCE statement is obsolete in version 5.6 and later.
The LEF parser will ignore this statement.
To avoid this warning in the future, remove this statement from the LEF file with version 5.6 or later. See file /home/lik/.local/share/pdk/sky130A/libs.ref/sky130_fd_sc_hd/lef/sky130_fd_sc_hd.lef at line 44598.

[WARNING ODB-0220] WARNING (LEFPARS-2036): SOURCE statement is obsolete in version 5.6 and later.
The LEF parser will ignore this statement.
To avoid this warning in the future, remove this statement from the LEF file with version 5.6 or later. See file /home/lik/.local/share/pdk/sky130A/libs.ref/sky130_fd_sc_hd/lef/sky130_fd_sc_hd.lef at line 44854.

[WARNING ODB-0220] WARNING (LEFPARS-2036): SOURCE statement is obsolete in version 5.6 and later.
The LEF parser will ignore this statement.
To avoid this warning in the future, remove this statement from the LEF file with version 5.6 or later. See file /home/lik/.local/share/pdk/sky130A/libs.ref/sky130_fd_sc_hd/lef/sky130_fd_sc_hd.lef at line 45102.

[WARNING ODB-0220] WARNING (LEFPARS-2036): SOURCE statement is obsolete in version 5.6 and later.
The LEF parser will ignore this statement.
To avoid this warning in the future, remove this statement from the LEF file with version 5.6 or later. See file /home/lik/.local/share/pdk/sky130A/libs.ref/sky130_fd_sc_hd/lef/sky130_fd_sc_hd.lef at line 45352.

[WARNING ODB-0220] WARNING (LEFPARS-2036): SOURCE statement is obsolete in version 5.6 and later.
The LEF parser will ignore this statement.
To avoid this warning in the future, remove this statement from the LEF file with version 5.6 or later. See file /home/lik/.local/share/pdk/sky130A/libs.ref/sky130_fd_sc_hd/lef/sky130_fd_sc_hd.lef at line 45580.

[WARNING ODB-0220] WARNING (LEFPARS-2036): SOURCE statement is obsolete in version 5.6 and later.
The LEF parser will ignore this statement.
To avoid this warning in the future, remove this statement from the LEF file with version 5.6 or later. See file /home/lik/.local/share/pdk/sky130A/libs.ref/sky130_fd_sc_hd/lef/sky130_fd_sc_hd.lef at line 45808.

[WARNING ODB-0220] WARNING (LEFPARS-2036): SOURCE statement is obsolete in version 5.6 and later.
The LEF parser will ignore this statement.
To avoid this warning in the future, remove this statement from the LEF file with version 5.6 or later. See file /home/lik/.local/share/pdk/sky130A/libs.ref/sky130_fd_sc_hd/lef/sky130_fd_sc_hd.lef at line 46038.

[WARNING ODB-0220] WARNING (LEFPARS-2036): SOURCE statement is obsolete in version 5.6 and later.
The LEF parser will ignore this statement.
To avoid this warning in the future, remove this statement from the LEF file with version 5.6 or later. See file /home/lik/.local/share/pdk/sky130A/libs.ref/sky130_fd_sc_hd/lef/sky130_fd_sc_hd.lef at line 46274.

[WARNING ODB-0220] WARNING (LEFPARS-2036): SOURCE statement is obsolete in version 5.6 and later.
The LEF parser will ignore this statement.
To avoid this warning in the future, remove this statement from the LEF file with version 5.6 or later. See file /home/lik/.local/share/pdk/sky130A/libs.ref/sky130_fd_sc_hd/lef/sky130_fd_sc_hd.lef at line 46523.

[WARNING ODB-0220] WARNING (LEFPARS-2036): SOURCE statement is obsolete in version 5.6 and later.
The LEF parser will ignore this statement.
To avoid this warning in the future, remove this statement from the LEF file with version 5.6 or later. See file /home/lik/.local/share/pdk/sky130A/libs.ref/sky130_fd_sc_hd/lef/sky130_fd_sc_hd.lef at line 46767.

[WARNING ODB-0220] WARNING (LEFPARS-2036): SOURCE statement is obsolete in version 5.6 and later.
The LEF parser will ignore this statement.
To avoid this warning in the future, remove this statement from the LEF file with version 5.6 or later. See file /home/lik/.local/share/pdk/sky130A/libs.ref/sky130_fd_sc_hd/lef/sky130_fd_sc_hd.lef at line 47008.

[WARNING ODB-0220] WARNING (LEFPARS-2036): SOURCE statement is obsolete in version 5.6 and later.
The LEF parser will ignore this statement.
To avoid this warning in the future, remove this statement from the LEF file with version 5.6 or later. See file /home/lik/.local/share/pdk/sky130A/libs.ref/sky130_fd_sc_hd/lef/sky130_fd_sc_hd.lef at line 47251.

[WARNING ODB-0220] WARNING (LEFPARS-2036): SOURCE statement is obsolete in version 5.6 and later.
The LEF parser will ignore this statement.
To avoid this warning in the future, remove this statement from the LEF file with version 5.6 or later. See file /home/lik/.local/share/pdk/sky130A/libs.ref/sky130_fd_sc_hd/lef/sky130_fd_sc_hd.lef at line 47500.

[WARNING ODB-0220] WARNING (LEFPARS-2036): SOURCE statement is obsolete in version 5.6 and later.
The LEF parser will ignore this statement.
To avoid this warning in the future, remove this statement from the LEF file with version 5.6 or later. See file /home/lik/.local/share/pdk/sky130A/libs.ref/sky130_fd_sc_hd/lef/sky130_fd_sc_hd.lef at line 47720.

[WARNING ODB-0220] WARNING (LEFPARS-2036): SOURCE statement is obsolete in version 5.6 and later.
The LEF parser will ignore this statement.
To avoid this warning in the future, remove this statement from the LEF file with version 5.6 or later. See file /home/lik/.local/share/pdk/sky130A/libs.ref/sky130_fd_sc_hd/lef/sky130_fd_sc_hd.lef at line 47926.

[WARNING ODB-0220] WARNING (LEFPARS-2036): SOURCE statement is obsolete in version 5.6 and later.
The LEF parser will ignore this statement.
To avoid this warning in the future, remove this statement from the LEF file with version 5.6 or later. See file /home/lik/.local/share/pdk/sky130A/libs.ref/sky130_fd_sc_hd/lef/sky130_fd_sc_hd.lef at line 48111.

[WARNING ODB-0220] WARNING (LEFPARS-2036): SOURCE statement is obsolete in version 5.6 and later.
The LEF parser will ignore this statement.
To avoid this warning in the future, remove this statement from the LEF file with version 5.6 or later. See file /home/lik/.local/share/pdk/sky130A/libs.ref/sky130_fd_sc_hd/lef/sky130_fd_sc_hd.lef at line 48295.

[WARNING ODB-0220] WARNING (LEFPARS-2036): SOURCE statement is obsolete in version 5.6 and later.
The LEF parser will ignore this statement.
To avoid this warning in the future, remove this statement from the LEF file with version 5.6 or later. See file /home/lik/.local/share/pdk/sky130A/libs.ref/sky130_fd_sc_hd/lef/sky130_fd_sc_hd.lef at line 48485.

[WARNING ODB-0220] WARNING (LEFPARS-2036): SOURCE statement is obsolete in version 5.6 and later.
The LEF parser will ignore this statement.
To avoid this warning in the future, remove this statement from the LEF file with version 5.6 or later. See file /home/lik/.local/share/pdk/sky130A/libs.ref/sky130_fd_sc_hd/lef/sky130_fd_sc_hd.lef at line 48632.

[WARNING ODB-0220] WARNING (LEFPARS-2036): SOURCE statement is obsolete in version 5.6 and later.
The LEF parser will ignore this statement.
To avoid this warning in the future, remove this statement from the LEF file with version 5.6 or later. See file /home/lik/.local/share/pdk/sky130A/libs.ref/sky130_fd_sc_hd/lef/sky130_fd_sc_hd.lef at line 48780.

[WARNING ODB-0220] WARNING (LEFPARS-2036): SOURCE statement is obsolete in version 5.6 and later.
The LEF parser will ignore this statement.
To avoid this warning in the future, remove this statement from the LEF file with version 5.6 or later. See file /home/lik/.local/share/pdk/sky130A/libs.ref/sky130_fd_sc_hd/lef/sky130_fd_sc_hd.lef at line 48944.

[WARNING ODB-0220] WARNING (LEFPARS-2036): SOURCE statement is obsolete in version 5.6 and later.
The LEF parser will ignore this statement.
To avoid this warning in the future, remove this statement from the LEF file with version 5.6 or later. See file /home/lik/.local/share/pdk/sky130A/libs.ref/sky130_fd_sc_hd/lef/sky130_fd_sc_hd.lef at line 49175.

[WARNING ODB-0220] WARNING (LEFPARS-2036): SOURCE statement is obsolete in version 5.6 and later.
The LEF parser will ignore this statement.
To avoid this warning in the future, remove this statement from the LEF file with version 5.6 or later. See file /home/lik/.local/share/pdk/sky130A/libs.ref/sky130_fd_sc_hd/lef/sky130_fd_sc_hd.lef at line 49410.

[WARNING ODB-0220] WARNING (LEFPARS-2036): SOURCE statement is obsolete in version 5.6 and later.
The LEF parser will ignore this statement.
To avoid this warning in the future, remove this statement from the LEF file with version 5.6 or later. See file /home/lik/.local/share/pdk/sky130A/libs.ref/sky130_fd_sc_hd/lef/sky130_fd_sc_hd.lef at line 49625.

[WARNING ODB-0220] WARNING (LEFPARS-2036): SOURCE statement is obsolete in version 5.6 and later.
The LEF parser will ignore this statement.
To avoid this warning in the future, remove this statement from the LEF file with version 5.6 or later. See file /home/lik/.local/share/pdk/sky130A/libs.ref/sky130_fd_sc_hd/lef/sky130_fd_sc_hd.lef at line 49842.

[WARNING ODB-0220] WARNING (LEFPARS-2036): SOURCE statement is obsolete in version 5.6 and later.
The LEF parser will ignore this statement.
To avoid this warning in the future, remove this statement from the LEF file with version 5.6 or later. See file /home/lik/.local/share/pdk/sky130A/libs.ref/sky130_fd_sc_hd/lef/sky130_fd_sc_hd.lef at line 50065.

[WARNING ODB-0220] WARNING (LEFPARS-2036): SOURCE statement is obsolete in version 5.6 and later.
The LEF parser will ignore this statement.
To avoid this warning in the future, remove this statement from the LEF file with version 5.6 or later. See file /home/lik/.local/share/pdk/sky130A/libs.ref/sky130_fd_sc_hd/lef/sky130_fd_sc_hd.lef at line 50103.

[WARNING ODB-0220] WARNING (LEFPARS-2036): SOURCE statement is obsolete in version 5.6 and later.
The LEF parser will ignore this statement.
To avoid this warning in the future, remove this statement from the LEF file with version 5.6 or later. See file /home/lik/.local/share/pdk/sky130A/libs.ref/sky130_fd_sc_hd/lef/sky130_fd_sc_hd.lef at line 50141.

[WARNING ODB-0220] WARNING (LEFPARS-2036): SOURCE statement is obsolete in version 5.6 and later.
The LEF parser will ignore this statement.
To avoid this warning in the future, remove this statement from the LEF file with version 5.6 or later. See file /home/lik/.local/share/pdk/sky130A/libs.ref/sky130_fd_sc_hd/lef/sky130_fd_sc_hd.lef at line 50180.

[WARNING ODB-0220] WARNING (LEFPARS-2036): SOURCE statement is obsolete in version 5.6 and later.
The LEF parser will ignore this statement.
To avoid this warning in the future, remove this statement from the LEF file with version 5.6 or later. See file /home/lik/.local/share/pdk/sky130A/libs.ref/sky130_fd_sc_hd/lef/sky130_fd_sc_hd.lef at line 50219.

[WARNING ODB-0220] WARNING (LEFPARS-2036): SOURCE statement is obsolete in version 5.6 and later.
The LEF parser will ignore this statement.
To avoid this warning in the future, remove this statement from the LEF file with version 5.6 or later. See file /home/lik/.local/share/pdk/sky130A/libs.ref/sky130_fd_sc_hd/lef/sky130_fd_sc_hd.lef at line 50259.

[WARNING ODB-0220] WARNING (LEFPARS-2036): SOURCE statement is obsolete in version 5.6 and later.
The LEF parser will ignore this statement.
To avoid this warning in the future, remove this statement from the LEF file with version 5.6 or later. See file /home/lik/.local/share/pdk/sky130A/libs.ref/sky130_fd_sc_hd/lef/sky130_fd_sc_hd.lef at line 50349.

[WARNING ODB-0220] WARNING (LEFPARS-2036): SOURCE statement is obsolete in version 5.6 and later.
The LEF parser will ignore this statement.
To avoid this warning in the future, remove this statement from the LEF file with version 5.6 or later. See file /home/lik/.local/share/pdk/sky130A/libs.ref/sky130_fd_sc_hd/lef/sky130_fd_sc_hd.lef at line 50466.

[WARNING ODB-0220] WARNING (LEFPARS-2036): SOURCE statement is obsolete in version 5.6 and later.
The LEF parser will ignore this statement.
To avoid this warning in the future, remove this statement from the LEF file with version 5.6 or later. See file /home/lik/.local/share/pdk/sky130A/libs.ref/sky130_fd_sc_hd/lef/sky130_fd_sc_hd.lef at line 50598.

[WARNING ODB-0220] WARNING (LEFPARS-2036): SOURCE statement is obsolete in version 5.6 and later.
The LEF parser will ignore this statement.
To avoid this warning in the future, remove this statement from the LEF file with version 5.6 or later. See file /home/lik/.local/share/pdk/sky130A/libs.ref/sky130_fd_sc_hd/lef/sky130_fd_sc_hd.lef at line 50766.

[WARNING ODB-0220] WARNING (LEFPARS-2036): SOURCE statement is obsolete in version 5.6 and later.
The LEF parser will ignore this statement.
To avoid this warning in the future, remove this statement from the LEF file with version 5.6 or later. See file /home/lik/.local/share/pdk/sky130A/libs.ref/sky130_fd_sc_hd/lef/sky130_fd_sc_hd.lef at line 50936.

[WARNING ODB-0220] WARNING (LEFPARS-2036): SOURCE statement is obsolete in version 5.6 and later.
The LEF parser will ignore this statement.
To avoid this warning in the future, remove this statement from the LEF file with version 5.6 or later. See file /home/lik/.local/share/pdk/sky130A/libs.ref/sky130_fd_sc_hd/lef/sky130_fd_sc_hd.lef at line 51112.

[WARNING ODB-0220] WARNING (LEFPARS-2036): SOURCE statement is obsolete in version 5.6 and later.
The LEF parser will ignore this statement.
To avoid this warning in the future, remove this statement from the LEF file with version 5.6 or later. See file /home/lik/.local/share/pdk/sky130A/libs.ref/sky130_fd_sc_hd/lef/sky130_fd_sc_hd.lef at line 51197.

[WARNING ODB-0220] WARNING (LEFPARS-2036): SOURCE statement is obsolete in version 5.6 and later.
The LEF parser will ignore this statement.
To avoid this warning in the future, remove this statement from the LEF file with version 5.6 or later. See file /home/lik/.local/share/pdk/sky130A/libs.ref/sky130_fd_sc_hd/lef/sky130_fd_sc_hd.lef at line 51329.

[WARNING ODB-0220] WARNING (LEFPARS-2036): SOURCE statement is obsolete in version 5.6 and later.
The LEF parser will ignore this statement.
To avoid this warning in the future, remove this statement from the LEF file with version 5.6 or later. See file /home/lik/.local/share/pdk/sky130A/libs.ref/sky130_fd_sc_hd/lef/sky130_fd_sc_hd.lef at line 51486.

[WARNING ODB-0220] WARNING (LEFPARS-2036): SOURCE statement is obsolete in version 5.6 and later.
The LEF parser will ignore this statement.
To avoid this warning in the future, remove this statement from the LEF file with version 5.6 or later. See file /home/lik/.local/share/pdk/sky130A/libs.ref/sky130_fd_sc_hd/lef/sky130_fd_sc_hd.lef at line 51658.

[WARNING ODB-0220] WARNING (LEFPARS-2036): SOURCE statement is obsolete in version 5.6 and later.
The LEF parser will ignore this statement.
To avoid this warning in the future, remove this statement from the LEF file with version 5.6 or later. See file /home/lik/.local/share/pdk/sky130A/libs.ref/sky130_fd_sc_hd/lef/sky130_fd_sc_hd.lef at line 51834.

[INFO ODB-0227] LEF file: /home/lik/.local/share/pdk/sky130A/libs.ref/sky130_fd_sc_hd/lef/sky130_fd_sc_hd.lef, created 437 library cells
[WARNING STA-0201] synth/ws2812_pnr.v line 312, instance _145_ port SLEEP not found.
[WARNING STA-0201] synth/ws2812_pnr.v line 322, instance _147_ port SLEEP not found.
[WARNING STA-0201] synth/ws2812_pnr.v line 457, instance _170_ port SLEEP not found.
[WARNING STA-0201] synth/ws2812_pnr.v line 570, instance _188_ port SLEEP not found.
[WARNING ORD-2056] The following 18 liberty cell(s) do not have LEF masters and will be marked as dont-use:
  dlymetal6s2s
  dlymetal6s4s
  dlymetal6s6s
  lpflow_bleeder
  lpflow_clkbufkapwr
  lpflow_clkinvkapwr
  lpflow_inputiso0n
  lpflow_inputiso0p
  lpflow_inputiso1n
  lpflow_inputiso1p
  lpflow_inputisolatch
  lpflow_isobufsrc
  lpflow_isobufsrckapwr
  lpflow_lsbuf_lh_hl_isowell_tap
  lpflow_lsbuf_lh_isowell
  lpflow_lsbuf_lh_isowell_tap
  probe_p
  probec_p
[WARNING IFP-0028] Core area lower left (10.000, 10.000) snapped to (10.120, 10.880).
[INFO IFP-0001] Added 29 rows of 173 site unithd.
[INFO IFP-0100] Die BBox:  (  0.000  0.000 ) ( 100.000 100.000 ) um
[INFO IFP-0101] Core BBox: ( 10.120 10.880 ) ( 89.700 89.760 ) um
[INFO IFP-0102] Core area:                         6277.270 um^2
[INFO IFP-0103] Total instances area:              2158.320 um^2
[INFO IFP-0104] Effective utilization:                0.344
[INFO IFP-0105] Number of instances:                    188
Found 0 macro blocks.
Using 2 tracks default min distance between IO pins.
[INFO PPL-0001] Number of available slots 496
[INFO PPL-0002] Number of I/O             11
[INFO PPL-0003] Number of I/O w/sink      11
[INFO PPL-0004] Number of I/O w/o sink    0
[INFO PPL-0005] Slots per section         200
[INFO PPL-0008] Successfully assigned pins to sections.
[INFO PPL-0012] I/O nets HPWL: 577.69 um.
[INFO DPL-0006] Core area: 6277.27 um^2
[INFO DPL-0007] Movable instances area: 2158.32 um^2
[INFO DPL-0008] Fixed instances area within core: 0.00 um^2
[INFO DPL-0009] Utilization: 34.4%
[INFO DPL-0005] Diamond search max displacement: +/- 500 sites horizontally, +/- 100 rows vertically.
[INFO DPL-1102] Legalizing using negotiation legalizer.
[INFO DPL-1103] Negotiation base search window: +/-20 sites horizontally, +/-5 rows vertically 
	Automatic search window extension enabled.
	Search window extendable up to the max displacement cap of +/-500 sites, +/-100 rows near walls.
[INFO DPL-1104] NegotiationLegalizer DRC penalty: 5.
[INFO DPL-0392] Negotiation cell height distribution (1 unique row-count(s)):
[INFO DPL-0393]   height 1 row(s): 188 cells
          |      Total |  Illegal |  Illegal
Iteration | Violations |    Cells |    Sites
---------------------------------------------
        0 |          0 |         0 |         0
Negotiation phase 1 converged at iteration 0.
[INFO DPL-0500] Runtime: 0.00s
Placement Analysis
---------------------------------
total displacement        531.6 u
average displacement        2.8 u
max displacement           21.9 u
original HPWL           10963.1 u
legalized HPWL          10741.7 u
delta HPWL                   -2 %

[INFO PDN-0001] Inserting grid: Core
[INFO PDN-0500] Runtime: 0.00s
[INFO DRT-0149] Reading tech and libs.
[WARNING DRT-0349] LEF58_ENCLOSURE with no CUTCLASS is not supported. Skipping for layer mcon
[WARNING DRT-0349] LEF58_ENCLOSURE with no CUTCLASS is not supported. Skipping for layer mcon
[WARNING DRT-0349] LEF58_ENCLOSURE with no CUTCLASS is not supported. Skipping for layer via
[WARNING DRT-0349] LEF58_ENCLOSURE with no CUTCLASS is not supported. Skipping for layer via
[WARNING DRT-0349] LEF58_ENCLOSURE with no CUTCLASS is not supported. Skipping for layer via2
[WARNING DRT-0349] LEF58_ENCLOSURE with no CUTCLASS is not supported. Skipping for layer via2
[WARNING DRT-0349] LEF58_ENCLOSURE with no CUTCLASS is not supported. Skipping for layer via3
[WARNING DRT-0349] LEF58_ENCLOSURE with no CUTCLASS is not supported. Skipping for layer via3
[WARNING DRT-0349] LEF58_ENCLOSURE with no CUTCLASS is not supported. Skipping for layer via4
[WARNING DRT-0349] LEF58_ENCLOSURE with no CUTCLASS is not supported. Skipping for layer via4

Units:                1000
Number of layers:     13
Number of macros:     437
Number of vias:       26
Number of viarulegen: 25

[INFO DRT-0150] Reading design.

Design:                   ws2812b_ctrl
Die area:                 ( 0 0 ) ( 100000 100000 )
Number of track patterns: 12
Number of DEF vias:       0
Number of components:     188
Number of terminals:      11
Number of snets:          3
Number of nets:           190

[INFO DRT-0167] List of default vias:
  Layer via
    default via: M1M2_PR
  Layer via2
    default via: M2M3_PR
  Layer via3
    default via: M3M4_PR
  Layer via4
    default via: M4M5_PR
[INFO DRT-0162] Library cell analysis.
[INFO DRT-0163] Instance analysis.
[INFO DRT-0164] Number of unique instances = 50.
[INFO DRT-0168] Init region query.
[INFO DRT-0024]   Complete FR_MASTERSLICE.
[INFO DRT-0024]   Complete Fr_VIA.
[INFO DRT-0024]   Complete li1.
[INFO DRT-0024]   Complete mcon.
[INFO DRT-0024]   Complete met1.
[INFO DRT-0024]   Complete via.
[INFO DRT-0024]   Complete met2.
[INFO DRT-0024]   Complete via2.
[INFO DRT-0024]   Complete met3.
[INFO DRT-0024]   Complete via3.
[INFO DRT-0024]   Complete met4.
[INFO DRT-0024]   Complete via4.
[INFO DRT-0024]   Complete met5.
[INFO DRT-0033] FR_MASTERSLICE shape region query size = 0.
[INFO DRT-0033] FR_VIA shape region query size = 0.
[INFO DRT-0033] li1 shape region query size = 7337.
[INFO DRT-0033] mcon shape region query size = 318.
[INFO DRT-0033] met1 shape region query size = 1357.
[INFO DRT-0033] via shape region query size = 225.
[INFO DRT-0033] met2 shape region query size = 251.
[INFO DRT-0033] via2 shape region query size = 0.
[INFO DRT-0033] met3 shape region query size = 0.
[INFO DRT-0033] via3 shape region query size = 0.
[INFO DRT-0033] met4 shape region query size = 0.
[INFO DRT-0033] via4 shape region query size = 0.
[INFO DRT-0033] met5 shape region query size = 0.
[INFO DRT-0165] Start pin access.
[INFO DRT-0078]   Complete 308 pins.
[INFO DRT-0081]   Complete 50 unique inst patterns.
[INFO DRT-0084]   Complete 187 groups.
#scanned instances     = 188
#unique  instances     = 50
#stdCellGenAp          = 1657
#stdCellValidPlanarAp  = 8
#stdCellValidViaAp     = 1289
#stdCellPinNoAp        = 0
#stdCellPinCnt         = 722
#instTermValidViaApCnt = 0
#macroGenAp            = 0
#macroValidPlanarAp    = 0
#macroValidViaAp       = 0
#macroNoAp             = 0
[INFO DRT-0166] Complete pin access.
[INFO DRT-0267] cpu time = 00:00:16, elapsed time = 00:00:16, memory = 223.44 (MB), peak = 222.28 (MB)

[INFO DRT-0157] Number of guides:     1831

[INFO DRT-0169] Post process guides.
[INFO DRT-0176] GCELLGRID X 0 DO 14 STEP 6900 ;
[INFO DRT-0177] GCELLGRID Y 0 DO 14 STEP 6900 ;
[INFO DRT-0028]   Complete FR_MASTERSLICE.
[INFO DRT-0028]   Complete Fr_VIA.
[INFO DRT-0028]   Complete li1.
[INFO DRT-0028]   Complete mcon.
[INFO DRT-0028]   Complete met1.
[INFO DRT-0028]   Complete via.
[INFO DRT-0028]   Complete met2.
[INFO DRT-0028]   Complete via2.
[INFO DRT-0028]   Complete met3.
[INFO DRT-0028]   Complete via3.
[INFO DRT-0028]   Complete met4.
[INFO DRT-0028]   Complete via4.
[INFO DRT-0028]   Complete met5.
[INFO DRT-0178] Init guide query.
[INFO DRT-0035]   Complete FR_MASTERSLICE (guide).
[INFO DRT-0035]   Complete Fr_VIA (guide).
[INFO DRT-0035]   Complete li1 (guide).
[INFO DRT-0035]   Complete mcon (guide).
[INFO DRT-0035]   Complete met1 (guide).
[INFO DRT-0035]   Complete via (guide).
[INFO DRT-0035]   Complete met2 (guide).
[INFO DRT-0035]   Complete via2 (guide).
[INFO DRT-0035]   Complete met3 (guide).
[INFO DRT-0035]   Complete via3 (guide).
[INFO DRT-0035]   Complete met4 (guide).
[INFO DRT-0035]   Complete via4 (guide).
[INFO DRT-0035]   Complete met5 (guide).
[INFO DRT-0036] FR_MASTERSLICE guide region query size = 0.
[INFO DRT-0036] FR_VIA guide region query size = 0.
[INFO DRT-0036] li1 guide region query size = 611.
[INFO DRT-0036] mcon guide region query size = 0.
[INFO DRT-0036] met1 guide region query size = 613.
[INFO DRT-0036] via guide region query size = 0.
[INFO DRT-0036] met2 guide region query size = 275.
[INFO DRT-0036] via2 guide region query size = 0.
[INFO DRT-0036] met3 guide region query size = 22.
[INFO DRT-0036] via3 guide region query size = 0.
[INFO DRT-0036] met4 guide region query size = 4.
[INFO DRT-0036] via4 guide region query size = 0.
[INFO DRT-0036] met5 guide region query size = 0.
[INFO DRT-0179] Init gr pin query.
[INFO DRT-0267] cpu time = 00:00:00, elapsed time = 00:00:00, memory = 223.50 (MB), peak = 222.28 (MB)
[INFO DRT-0245] skipped writing guide updates to database.
[INFO DRT-0181] Start track assignment.
[INFO DRT-0184] Done with 890 vertical wires in 1 frboxes and 635 horizontal wires in 1 frboxes.
[INFO DRT-0186] Done with 147 vertical wires in 1 frboxes and 292 horizontal wires in 1 frboxes.
[INFO DRT-0182] Complete track assignment.
[INFO DRT-0267] cpu time = 00:00:00, elapsed time = 00:00:00, memory = 223.69 (MB), peak = 223.05 (MB)
[INFO DRT-0187] Start routing data preparation.
[INFO DRT-0267] cpu time = 00:00:00, elapsed time = 00:00:00, memory = 223.69 (MB), peak = 223.05 (MB)
[INFO DRT-0194] Start detail routing.
[INFO DRT-0195] Start 0th optimization iteration.
    Completing 20% with 0 violations.
    elapsed time = 00:00:01, memory = 223.94 (MB).
    Completing 50% with 60 violations.
    elapsed time = 00:00:03, memory = 228.33 (MB).
    Completing 70% with 140 violations.
    elapsed time = 00:00:08, memory = 236.70 (MB).
    Completing 100% with 348 violations.
    elapsed time = 00:00:12, memory = 241.22 (MB).
[INFO DRT-0199]   Number of violations = 365.
Viol/Layer        met1    via   met2
Metal Spacing       15      0      6
Recheck             12      0      5
Short              246      1     80
[INFO DRT-0267] cpu time = 00:00:12, elapsed time = 00:00:12, memory = 580.69 (MB), peak = 579.70 (MB)
Total wire length = 12725 um.
Total wire length on LAYER li1 = 0 um.
Total wire length on LAYER met1 = 6222 um.
Total wire length on LAYER met2 = 5320 um.
Total wire length on LAYER met3 = 850 um.
Total wire length on LAYER met4 = 331 um.
Total wire length on LAYER met5 = 0 um.
Total number of vias = 1720.
Up-via summary (total 1720):

-----------------------
 FR_MASTERSLICE       0
            li1     681
           met1     892
           met2     118
           met3      29
           met4       0
-----------------------
               1720


[INFO DRT-0195] Start 1st optimization iteration.
    Completing 10% with 365 violations.
    elapsed time = 00:00:00, memory = 580.69 (MB).
    Completing 20% with 365 violations.
    elapsed time = 00:00:00, memory = 580.69 (MB).
    Completing 30% with 365 violations.
    elapsed time = 00:00:00, memory = 580.69 (MB).
    Completing 40% with 365 violations.
    elapsed time = 00:00:00, memory = 580.69 (MB).
    Completing 50% with 370 violations.
    elapsed time = 00:00:01, memory = 580.69 (MB).
    Completing 60% with 370 violations.
    elapsed time = 00:00:01, memory = 580.69 (MB).
    Completing 70% with 358 violations.
    elapsed time = 00:00:03, memory = 580.69 (MB).
    Completing 80% with 358 violations.
    elapsed time = 00:00:04, memory = 580.69 (MB).
    Completing 100% with 341 violations.
    elapsed time = 00:00:13, memory = 580.69 (MB).
[INFO DRT-0199]   Number of violations = 341.
Viol/Layer        met1   met2
Metal Spacing       29      1
Short              296     15
[INFO DRT-0267] cpu time = 00:00:13, elapsed time = 00:00:13, memory = 580.77 (MB), peak = 579.70 (MB)
Total wire length = 12610 um.
Total wire length on LAYER li1 = 0 um.
Total wire length on LAYER met1 = 6074 um.
Total wire length on LAYER met2 = 5245 um.
Total wire length on LAYER met3 = 913 um.
Total wire length on LAYER met4 = 377 um.
Total wire length on LAYER met5 = 0 um.
Total number of vias = 1713.
Up-via summary (total 1713):

-----------------------
 FR_MASTERSLICE       0
            li1     679
           met1     901
           met2     109
           met3      24
           met4       0
-----------------------
               1713


[INFO DRT-0195] Start 2nd optimization iteration.
    Completing 10% with 341 violations.
    elapsed time = 00:00:00, memory = 580.77 (MB).
    Completing 20% with 341 violations.
    elapsed time = 00:00:00, memory = 580.77 (MB).
    Completing 30% with 341 violations.
    elapsed time = 00:00:00, memory = 580.77 (MB).
    Completing 40% with 341 violations.
    elapsed time = 00:00:00, memory = 580.77 (MB).
    Completing 50% with 345 violations.
    elapsed time = 00:00:00, memory = 580.77 (MB).
    Completing 60% with 345 violations.
    elapsed time = 00:00:01, memory = 580.77 (MB).
    Completing 70% with 339 violations.
    elapsed time = 00:00:01, memory = 580.77 (MB).
    Completing 80% with 339 violations.
    elapsed time = 00:00:03, memory = 580.77 (MB).
    Completing 100% with 279 violations.
    elapsed time = 00:00:12, memory = 580.77 (MB).
[INFO DRT-0199]   Number of violations = 279.
Viol/Layer        mcon   met1   met2   met3
Cut Spacing          1      0      0      0
Metal Spacing        0     18      2      1
Short                0    243     14      0
[INFO DRT-0267] cpu time = 00:00:12, elapsed time = 00:00:12, memory = 580.80 (MB), peak = 579.70 (MB)
Total wire length = 12573 um.
Total wire length on LAYER li1 = 0 um.
Total wire length on LAYER met1 = 6105 um.
Total wire length on LAYER met2 = 5239 um.
Total wire length on LAYER met3 = 875 um.
Total wire length on LAYER met4 = 352 um.
Total wire length on LAYER met5 = 0 um.
Total number of vias = 1704.
Up-via summary (total 1704):

-----------------------
 FR_MASTERSLICE       0
            li1     681
           met1     886
           met2     113
           met3      24
           met4       0
-----------------------
               1704


[INFO DRT-0195] Start 3rd optimization iteration.
    Completing 20% with 279 violations.
    elapsed time = 00:00:00, memory = 580.80 (MB).
    Completing 50% with 229 violations.
    elapsed time = 00:00:04, memory = 580.80 (MB).
    Completing 70% with 201 violations.
    elapsed time = 00:00:07, memory = 580.80 (MB).
    Completing 100% with 88 violations.
    elapsed time = 00:00:11, memory = 580.80 (MB).
[INFO DRT-0199]   Number of violations = 88.
Viol/Layer        mcon   met1    via   met2
Cut Spacing          1      0      3      0
Metal Spacing        0      9      0     15
Short                0     47      0     13
[INFO DRT-0267] cpu time = 00:00:12, elapsed time = 00:00:12, memory = 580.80 (MB), peak = 579.70 (MB)
Total wire length = 12526 um.
Total wire length on LAYER li1 = 0 um.
Total wire length on LAYER met1 = 5437 um.
Total wire length on LAYER met2 = 5116 um.
Total wire length on LAYER met3 = 1486 um.
Total wire length on LAYER met4 = 486 um.
Total wire length on LAYER met5 = 0 um.
Total number of vias = 1851.
Up-via summary (total 1851):

-----------------------
 FR_MASTERSLICE       0
            li1     683
           met1     927
           met2     201
           met3      40
           met4       0
-----------------------
               1851


[INFO DRT-0195] Start 4th guides tiles iteration.
    Completing 20% with 88 violations.
    elapsed time = 00:00:00, memory = 580.80 (MB).
    Completing 40% with 88 violations.
    elapsed time = 00:00:00, memory = 580.80 (MB).
    Completing 60% with 88 violations.
    elapsed time = 00:00:00, memory = 580.80 (MB).
    Completing 80% with 0 violations.
    elapsed time = 00:00:00, memory = 580.80 (MB).
    Completing 100% with 0 violations.
    elapsed time = 00:00:00, memory = 580.80 (MB).
[INFO DRT-0199]   Number of violations = 0.
[INFO DRT-0267] cpu time = 00:00:01, elapsed time = 00:00:01, memory = 580.80 (MB), peak = 579.70 (MB)
Total wire length = 12489 um.
Total wire length on LAYER li1 = 0 um.
Total wire length on LAYER met1 = 5370 um.
Total wire length on LAYER met2 = 5089 um.
Total wire length on LAYER met3 = 1538 um.
Total wire length on LAYER met4 = 490 um.
Total wire length on LAYER met5 = 0 um.
Total number of vias = 1827.
Up-via summary (total 1827):

-----------------------
 FR_MASTERSLICE       0
            li1     681
           met1     913
           met2     195
           met3      38
           met4       0
-----------------------
               1827


[INFO DRT-0198] Complete detail routing.
Total wire length = 12489 um.
Total wire length on LAYER li1 = 0 um.
Total wire length on LAYER met1 = 5370 um.
Total wire length on LAYER met2 = 5089 um.
Total wire length on LAYER met3 = 1538 um.
Total wire length on LAYER met4 = 490 um.
Total wire length on LAYER met5 = 0 um.
Total number of vias = 1827.
Up-via summary (total 1827):

-----------------------
 FR_MASTERSLICE       0
            li1     681
           met1     913
           met2     195
           met3      38
           met4       0
-----------------------
               1827


[INFO DRT-0267] cpu time = 00:00:52, elapsed time = 00:00:52, memory = 580.98 (MB), peak = 579.70 (MB)

[INFO DRT-0180] Post processing.
[INFO DRT-0501] Runtime: 69.75s
=== ROUTED ===
